epoch,dice,loss,val_dice,val_loss
0,0.4790577292442322,0.9670684337615967,0.556003987789154,0.7266654968261719
1,0.6047654747962952,0.7125254273414612,0.6192532181739807,0.6098228096961975
2,0.6722300052642822,0.6148281097412109,0.498631089925766,0.9515995979309082
3,0.7101573348045349,0.5321601033210754,0.5204622149467468,0.9878417253494263
4,0.7541637420654297,0.4612298309803009,0.6620184183120728,0.6253497004508972
5,0.7765434980392456,0.4049018323421478,0.6845661401748657,0.6246837377548218
6,0.81439208984375,0.33725666999816895,0.6697331666946411,0.7673649787902832
7,0.8390947580337524,0.2957993149757385,0.5630237460136414,1.0876606702804565
8,0.8593249320983887,0.26570576429367065,0.7408199310302734,0.684856653213501
9,0.8747683763504028,0.23791444301605225,0.7842997312545776,0.5380300879478455
10,0.8812974691390991,0.2258756458759308,0.7741954922676086,0.604871928691864
11,0.8895927667617798,0.2103893905878067,0.7912383675575256,0.5301519632339478
12,0.8921337127685547,0.20491617918014526,0.7962023615837097,0.5533734560012817
13,0.8975668549537659,0.18998883664608002,0.7788991928100586,0.5613584518432617
14,0.8989166021347046,0.19452226161956787,0.7967888712882996,0.5888179540634155
15,0.899299144744873,0.1875746250152588,0.755631685256958,0.6721562743186951
16,0.9080172777175903,0.17108318209648132,0.7594741582870483,0.7445365786552429
17,0.9059018492698669,0.17808647453784943,0.7414283752441406,0.6952046751976013
18,0.9078739285469055,0.1666177362203598,0.7589049935340881,0.7555240988731384
19,0.9094632863998413,0.17179809510707855,0.7788025140762329,0.6078766584396362
20,0.9111692905426025,0.16619564592838287,0.7607995867729187,0.6844158172607422
21,0.9130415916442871,0.16261008381843567,0.7683168053627014,0.6717594265937805
22,0.9103274345397949,0.16442649066448212,0.7633503079414368,0.6451507806777954
23,0.9173109531402588,0.15227042138576508,0.7453259229660034,0.7545565962791443
24,0.9194713830947876,0.1466619372367859,0.7555028796195984,0.7542843818664551
25,0.9212604761123657,0.14686895906925201,0.787349283695221,0.6801029443740845
26,0.9170252680778503,0.15151673555374146,0.8134641647338867,0.535784900188446
27,0.9194137454032898,0.1462942361831665,0.8000169992446899,0.6321474313735962
28,0.9190196394920349,0.15520331263542175,0.8046184182167053,0.5347293615341187
29,0.9164209961891174,0.15370437502861023,0.7698595523834229,0.6855388283729553
30,0.919032871723175,0.14812061190605164,0.7799639701843262,0.6407245397567749
31,0.9211001992225647,0.1429370641708374,0.7678138017654419,0.6483992338180542
32,0.9230857491493225,0.13877205550670624,0.7737284302711487,0.7168290615081787
33,0.9259044528007507,0.13299299776554108,0.7884721159934998,0.7065839171409607
34,0.9278696179389954,0.12964226305484772,0.7788795232772827,0.7240917086601257
35,0.9310210943222046,0.12417647987604141,0.7934839129447937,0.7042973637580872
36,0.9302454590797424,0.12749581038951874,0.8202753067016602,0.5875916481018066
37,0.9260421991348267,0.1373034119606018,0.8145352602005005,0.5864267349243164
38,0.9293838739395142,0.12906324863433838,0.8286693096160889,0.5321271419525146
39,0.9304907321929932,0.12404268980026245,0.8001524806022644,0.6293449997901917
40,0.9314175248146057,0.12142521888017654,0.809465765953064,0.6737953424453735
41,0.9333965182304382,0.1207856833934784,0.8326650261878967,0.5446197390556335
42,0.9286596775054932,0.1265113800764084,0.7371485829353333,0.8908858895301819
43,0.9326160550117493,0.1239694133400917,0.764740526676178,0.7335332632064819
44,0.934217095375061,0.11700857430696487,0.7925413250923157,0.7069933414459229
45,0.9358670711517334,0.11115390062332153,0.7790184617042542,0.808179497718811
46,0.9363513588905334,0.11301738768815994,0.7501816153526306,0.8636175990104675
47,0.9369178414344788,0.1128351017832756,0.7593370676040649,0.8079509139060974
48,0.9371064305305481,0.11249043792486191,0.815559983253479,0.6566375494003296
49,0.9368996024131775,0.11160407960414886,0.8266329765319824,0.6349819302558899
50,0.9393834471702576,0.10745619237422943,0.8071377277374268,0.6846415400505066
51,0.9388357400894165,0.10865004360675812,0.8209665417671204,0.591471791267395
52,0.9340805411338806,0.12160982191562653,0.8356293439865112,0.4716043770313263
53,0.9348462820053101,0.11447615921497345,0.837970495223999,0.48320338129997253
54,0.9376962780952454,0.10955517739057541,0.790810227394104,0.7103102207183838
55,0.9399019479751587,0.10553266108036041,0.7534011602401733,0.8452938199043274
56,0.9397347569465637,0.10977116972208023,0.746091365814209,0.8220497369766235
57,0.9395849108695984,0.10747155547142029,0.8438512682914734,0.5251935124397278
58,0.9394428133964539,0.10369262099266052,0.7939956784248352,0.7818861603736877
59,0.9420012831687927,0.10464316606521606,0.8391183018684387,0.554635763168335
60,0.9414536952972412,0.10374844819307327,0.8146849274635315,0.5813661813735962
61,0.9400448799133301,0.1055959090590477,0.7864006757736206,0.7843879461288452
62,0.9419487118721008,0.10463009029626846,0.8294395804405212,0.5020847916603088
63,0.9370119571685791,0.1131751611828804,0.8463845252990723,0.4667183458805084
64,0.9410104155540466,0.10215389728546143,0.8259324431419373,0.5734114646911621
65,0.9407680630683899,0.1037527397274971,0.7912353873252869,0.7035731673240662
66,0.9452446699142456,0.09559788554906845,0.8280162215232849,0.6146573424339294
67,0.9430332779884338,0.10059245675802231,0.8128893375396729,0.6666918396949768
68,0.9425572156906128,0.09983430802822113,0.8487926721572876,0.5588068962097168
69,0.9437044262886047,0.09835711866617203,0.7990090250968933,0.6850216388702393
70,0.9463312029838562,0.09554655104875565,0.8288947343826294,0.5937222838401794
71,0.9458664655685425,0.09221027791500092,0.8110334277153015,0.7050849795341492
72,0.946186900138855,0.09566698223352432,0.8334771990776062,0.5725430250167847
73,0.9466512799263,0.09271425008773804,0.8169038891792297,0.6341239213943481
74,0.9461362361907959,0.0946355015039444,0.8404537439346313,0.5204996466636658
75,0.9464801549911499,0.0937720239162445,0.8230829834938049,0.6004530787467957
76,0.9467819929122925,0.09298846870660782,0.8324043154716492,0.5202297568321228
77,0.9460384249687195,0.09593223035335541,0.8097533583641052,0.6547078490257263
78,0.9449793100357056,0.09301882982254028,0.850374698638916,0.5078692436218262
79,0.9475332498550415,0.0912436842918396,0.8614675402641296,0.44107192754745483
80,0.9506474137306213,0.08760827034711838,0.8137891888618469,0.6385408043861389
81,0.9492570757865906,0.08870119601488113,0.8475620746612549,0.4889390468597412
82,0.9479268789291382,0.08835489302873611,0.8437936902046204,0.543332576751709
83,0.9469225406646729,0.0937451496720314,0.8434163928031921,0.4709489941596985
84,0.9487643241882324,0.09130813926458359,0.8249360918998718,0.5930662155151367
85,0.9486470222473145,0.0883733406662941,0.8483975529670715,0.5024983286857605
86,0.9483634829521179,0.09160851687192917,0.8353807330131531,0.5651261210441589
87,0.9457384347915649,0.09401164203882217,0.8046438694000244,0.687481164932251
88,0.9487425088882446,0.09125321358442307,0.830270528793335,0.5303866863250732
89,0.9490668177604675,0.08716591447591782,0.8184455633163452,0.6404028534889221
90,0.9499388933181763,0.08750060200691223,0.8518967628479004,0.4556635916233063
91,0.9498147368431091,0.08746805787086487,0.8343805074691772,0.5634925961494446
92,0.9506744146347046,0.08425363153219223,0.827957034111023,0.5854480862617493
93,0.95136559009552,0.08573911339044571,0.8593592047691345,0.44221562147140503
94,0.9490576386451721,0.08749548345804214,0.8500762581825256,0.5210717916488647
95,0.9496611952781677,0.08644833415746689,0.8615639805793762,0.4458068311214447
96,0.950340211391449,0.0854954645037651,0.8294055461883545,0.6107091903686523
97,0.9508347511291504,0.0856674537062645,0.8342182636260986,0.496000200510025
98,0.9520651698112488,0.08264464139938354,0.8402783870697021,0.5243948698043823
99,0.9524124264717102,0.08185574412345886,0.8229022026062012,0.6779681444168091
