nome	ferida	estado	impossivel	cicatrizada	rede_vazia	motor_r4	motor_r3	rede	nulo	rede_estilo_ss
Day 0_A8-1-L	A8-1-L	TRACADA	False	False	True	0.9618	0.9618	0.0000	0.7789	0.8508
Day 0_A8-1-R	A8-1-R	TRACADA	False	False	False	0.9176	0.9180	0.8884	0.7221	0.9605
Day 0_A8-3-L	A8-3-L	TRACADA	False	False	False	0.9632	0.9536	0.0159	0.8809	0.8425
Day 0_A8-3-R	A8-3-R	TRACADA	False	False	False	0.9640	0.9533	0.9274	0.9339	0.9728
Day 0_A8-4-L	A8-4-L	TRACADA	False	False	False	0.8039	0.8036	0.9505	0.8076	0.9750
Day 0_A8-4-R	A8-4-R	TRACADA	False	False	False	0.9408	0.9386	0.9487	0.7646	0.9768
Day 0_A8-5-L	A8-5-L	TRACADA	False	False	False	0.9539	0.9364	0.9314	0.8344	0.9702
Day 0_A8-5-R	A8-5-R	TRACADA	False	False	False	0.9371	0.9374	0.8930	0.7888	0.9455
Day 0_Y8-1-L	Y8-1-L	TRACADA	False	False	False	0.9374	0.9374	0.9176	0.8854	0.9103
Day 0_Y8-1-R	Y8-1-R	TRACADA	False	False	False	0.9096	0.7192	0.9566	0.7418	0.9806
Day 0_Y8-2-L	Y8-2-L	TRACADA	False	False	False	0.9281	0.9279	0.4162	0.9029	0.8682
Day 0_Y8-2-R	Y8-2-R	TRACADA	False	False	False	0.8683	0.9666	0.7826	0.7895	0.9406
Day 0_Y8-3-L	Y8-3-L	TRACADA	False	False	False	0.7630	0.8544	0.5107	0.8754	0.8769
Day 0_Y8-3-R	Y8-3-R	TRACADA	False	False	False	0.9753	0.9753	0.9513	0.9221	0.9793
Day 0_Y8-4-L	Y8-4-L	TRACADA	False	False	False	0.9380	0.9380	0.9467	0.7604	0.9674
Day 0_Y8-4-R	Y8-4-R	TRACADA	False	False	False	0.9649	0.9488	0.9619	0.8748	0.9807
Day 10_A8-1-L	A8-1-L	PARCIAL	False	False	True	0.3956	0.3956	0.0000	0.4008	0.9079
Day 10_A8-1-R	A8-1-R	PARCIAL	False	False	False	0.6852	0.6852	0.8986	0.6280	0.9719
Day 10_A8-3-L	A8-3-L	IMAGINADA	True	False	False	0.4602	0.4602	0.0000	0.4831	0.7166
Day 10_A8-3-R	A8-3-R	PARCIAL	True	False	False	0.0411	0.0411	0.0907	0.0293	0.9307
Day 10_A8-4-L	A8-4-L	PARCIAL	True	False	False	0.4644	0.4644	0.8219	0.5644	0.9709
Day 10_A8-4-R	A8-4-R	PARCIAL	False	False	True	0.6572	0.6572	0.0000	0.5677	0.9281
Day 10_A8-5-L	A8-5-L	IMAGINADA	False	False	False	0.2549	0.2549	0.0394	0.5196	0.8700
Day 10_A8-5-R	A8-5-R	PARCIAL	False	False	False	0.2084	0.2084	0.6408	0.1283	0.9443
Day 10_Y8-1-L	Y8-1-L	IMAGINADA	True	False	False	0.3489	0.3489	0.5258	0.3137	0.9018
Day 10_Y8-2-L	Y8-2-L	PARCIAL	True	False	True	0.5071	0.5071	0.0000	0.2802	0.9635
Day 10_Y8-2-R	Y8-2-R	FECHADA	True	True	True					0.8976
Day 10_Y8-3-L	Y8-3-L	FECHADA	False	True	True					0.9832
Day 10_Y8-4-L	Y8-4-L	PARCIAL	False	True	False	0.0116	0.0116	0.1795	0.0117	0.9714
Day 11_A8-1-L	A8-1-L	TRACADA	False	False	False	0.9366	0.2318	0.5535	0.2438	0.9682
Day 11_A8-1-R	A8-1-R	TRACADA	False	False	False	0.9534	0.9536	0.9145	0.2827	0.9554
Day 11_A8-3-L	A8-3-L	TRACADA	False	False	False	0.8890	0.8890	0.7797	0.3627	0.9305
Day 11_A8-3-R	A8-3-R	IMAGINADA	True	False	False	0.9216	0.9216	0.8123	0.7446	0.9315
Day 11_A8-4-L	A8-4-L	PARCIAL	False	False	False	0.2469	0.2469	0.8358	0.2908	0.9665
Day 11_A8-4-R	A8-4-R	IMAGINADA	True	False	True	0.5179	0.5179	0.0000	0.5260	0.9352
Day 11_A8-5-L	A8-5-L	TRACADA	False	False	False	0.9027	0.9027	0.8504	0.2917	0.9218
Day 11_Y8-2-L	Y8-2-L	IMAGINADA	True	False	True	0.4291	0.4291	0.0000	0.1274	0.9503
Day 11_Y8-2-R	Y8-2-R	FECHADA	True	False	True					0.9868
Day 12_A8-1-L	A8-1-L	IMAGINADA	False	False	False	0.5497	0.5497	0.4389	0.3510	0.8544
Day 12_A8-3-L	A8-3-L	TRACADA	False	False	False	0.8768	0.8768	0.6335	0.3436	0.9731
Day 12_A8-3-R	A8-3-R	PARCIAL	False	False	False	0.8977	0.8977	0.8374	0.4415	0.9687
Day 12_A8-4-L	A8-4-L	PARCIAL	False	False	False	0.0881	0.0881	0.2166	0.3685	0.9581
Day 12_A8-4-R	A8-4-R	IMAGINADA	False	False	True	0.5852	0.5852	0.0000	0.5122	0.9625
Day 12_A8-5-L	A8-5-L	IMAGINADA	False	False	False	0.8725	0.8725	0.8102	0.2689	0.9604
Day 12_Y8-2-L	Y8-2-L	PARCIAL	True	False	True	0.1893	0.1893	0.0000	0.0625	0.9683
Day 12_Y8-2-R	Y8-2-R	FECHADA	True	False	True					0.9934
Day 13_A8-1-L	A8-1-L	IMAGINADA	False	False	False	0.3341	0.3341	0.0000	0.2536	0.7138
Day 13_A8-1-R	A8-1-R	TRACADA	False	False	False	0.6942	0.6942	0.6888	0.0952	0.9720
Day 13_A8-3-L	A8-3-L	PARCIAL	False	False	False	0.7051	0.7051	0.6301	0.2034	0.9615
Day 13_A8-3-R	A8-3-R	PARCIAL	False	False	False	0.8762	0.8762	0.8296	0.2544	0.9648
Day 13_A8-4-L	A8-4-L	IMAGINADA	True	False	False	0.4943	0.4943	0.3576	0.4820	0.9379
Day 13_A8-4-R	A8-4-R	IMAGINADA	True	False	False	0.9130	0.9130	0.2960	0.5212	0.9296
Day 13_A8-5-L	A8-5-L	PARCIAL	False	False	False	0.0001	0.0001	0.5818	0.1644	0.9205
Day 13_Y8-2-L	Y8-2-L	FECHADA	True	True	True					0.9887
Day 13_Y8-2-R	Y8-2-R	FECHADA	True	False	True					0.9907
Day 14_A8-1-R	A8-1-R	TRACADA	False	False	False	0.8110	0.8110	0.7544	0.1255	0.9803
Day 14_A8-3-L	A8-3-L	PARCIAL	False	False	False	0.2110	0.2110	0.1601	0.2076	0.9691
Day 14_A8-3-R	A8-3-R	PARCIAL	True	False	False	0.2361	0.2361	0.6612	0.2424	0.9649
Day 14_A8-4-L	A8-4-L	IMAGINADA	True	False	False	0.5332	0.5332	0.5073	0.5910	0.9291
Day 14_A8-4-R	A8-4-R	IMAGINADA	True	False	True	0.8902	0.8902	0.0000	0.6532	0.8880
Day 14_A8-5-L	A8-5-L	PARCIAL	False	False	False	0.0000	0.0000	0.7630	0.2179	0.9555
Day 14_Y8-2-L	Y8-2-L	FECHADA	True	False	False					0.9379
Day 14_Y8-2-R	Y8-2-R	IMAGINADA	True	False	True	0.0557	0.0557	0.0000	0.0686	0.9794
Day 15_A8-1-R	A8-1-R	TRACADA	False	False	False	0.8059	0.8059	0.5009	0.1037	0.9823
Day 15_A8-3-L	A8-3-L	IMAGINADA	True	True	False	0.1024	0.1024	0.0416	0.2411	0.9534
Day 15_A8-3-R	A8-3-R	IMAGINADA	True	False	False	0.2973	0.2973	0.2947	0.4675	0.9449
Day 1_A8-1-L	A8-1-L	TRACADA	False	False	True	0.9746	0.9746	0.0000	0.8531	0.8002
Day 1_A8-3-L	A8-3-L	TRACADA	False	False	False	0.9483	0.9422	0.0050	0.8588	0.7839
Day 1_A8-3-R	A8-3-R	TRACADA	False	False	False	0.9656	0.9588	0.9142	0.9394	0.9531
Day 1_A8-4-L	A8-4-L	PARCIAL	False	False	False	0.9477	0.9396	0.8701	0.8352	0.9430
Day 1_A8-4-R	A8-4-R	TRACADA	False	False	False	0.9528	0.9528	0.9225	0.8047	0.9473
Day 1_A8-5-L	A8-5-L	TRACADA	False	False	False	0.9530	0.9530	0.7011	0.8791	0.9062
Day 1_A8-5-R	A8-5-R	PARCIAL	False	False	False	0.7829	0.7829	0.8886	0.7887	0.9481
Day 1_Y8-1-L	Y8-1-L	TRACADA	False	False	False	0.9440	0.9440	0.9382	0.8455	0.9548
Day 1_Y8-1-R	Y8-1-R	TRACADA	False	False	False	0.9190	0.9190	0.9584	0.9005	0.9757
Day 1_Y8-2-L	Y8-2-L	TRACADA	False	False	True	0.9619	0.9589	0.0000	0.8449	0.7724
Day 1_Y8-2-R	Y8-2-R	TRACADA	False	False	False	0.9739	0.9739	0.0000	0.8893	0.7867
Day 1_Y8-3-L	Y8-3-L	PARCIAL	False	False	False	0.9724	0.9724	0.0247	0.8586	0.8134
Day 1_Y8-3-R	Y8-3-R	PARCIAL	False	False	False	0.9519	0.9498	0.8094	0.9074	0.9333
Day 1_Y8-4-L	Y8-4-L	PARCIAL	False	False	False	0.9248	0.9248	0.9173	0.7712	0.9566
Day 1_Y8-4-R	Y8-4-R	PARCIAL	False	False	False	0.9335	0.9335	0.1904	0.8691	0.7645
Day 2_A8-1-L	A8-1-L	IMAGINADA	False	False	False	0.9154	0.9154	0.0221	0.8277	0.8414
Day 2_A8-1-R	A8-1-R	IMAGINADA	False	False	False	0.8717	0.8717	0.8316	0.7103	0.8905
Day 2_A8-3-L	A8-3-L	PARCIAL	False	False	False	0.9417	0.9417	0.0222	0.8505	0.8505
Day 2_A8-3-R	A8-3-R	TRACADA	False	False	False	0.9630	0.9630	0.9612	0.8776	0.9691
Day 2_A8-4-L	A8-4-L	TRACADA	False	False	False	0.7797	0.8120	0.8981	0.7738	0.9551
Day 2_A8-4-R	A8-4-R	TRACADA	False	False	False	0.9602	0.9602	0.9641	0.9210	0.9725
Day 2_A8-5-L	A8-5-L	TRACADA	False	False	False	0.9387	0.9387	0.9392	0.8218	0.9593
Day 2_A8-5-R	A8-5-R	TRACADA	False	False	False	0.9687	0.9687	0.9612	0.7935	0.9740
Day 2_Y8-1-L	Y8-1-L	TRACADA	False	False	False	0.9453	0.9453	0.9668	0.8371	0.9731
Day 2_Y8-1-R	Y8-1-R	PARCIAL	False	False	False	0.9503	0.9503	0.9624	0.8110	0.9705
Day 2_Y8-2-L	Y8-2-L	TRACADA	False	False	False	0.8496	0.8486	0.5866	0.8713	0.8736
Day 2_Y8-2-R	Y8-2-R	TRACADA	False	False	False	0.9574	0.9574	0.7544	0.8460	0.9090
Day 2_Y8-3-L	Y8-3-L	TRACADA	False	False	False	0.9154	0.7083	0.7375	0.8760	0.9107
Day 2_Y8-3-R	Y8-3-R	TRACADA	False	False	False	0.9717	0.9717	0.9374	0.8038	0.9741
Day 2_Y8-4-L	Y8-4-L	TRACADA	False	False	False	0.9232	0.9232	0.9475	0.6928	0.9767
Day 2_Y8-4-R	Y8-4-R	PARCIAL	False	False	False	0.9011	0.9011	0.9007	0.8848	0.9593
Day 3_A8-1-L	A8-1-L	PARCIAL	False	False	True	0.8067	0.8067	0.0000	0.8127	0.8545
Day 3_A8-3-L	A8-3-L	IMAGINADA	False	False	True	0.9191	0.9191	0.0000	0.8206	0.8362
Day 3_A8-3-R	A8-3-R	PARCIAL	False	False	False	0.9415	0.9415	0.9096	0.9299	0.9648
Day 3_A8-4-L	A8-4-L	TRACADA	False	False	False	0.7467	0.3193	0.7573	0.7800	0.9323
Day 3_A8-4-R	A8-4-R	PARCIAL	False	False	False	0.7616	0.8068	0.9454	0.8213	0.9708
Day 3_A8-5-L	A8-5-L	PARCIAL	False	False	False	0.8992	0.8992	0.9181	0.8918	0.9650
Day 3_A8-5-R	A8-5-R	IMAGINADA	False	False	False	0.8538	0.7511	0.8955	0.7699	0.9626
Day 3_Y8-1-L	Y8-1-L	IMAGINADA	False	False	False	0.8712	0.8688	0.9175	0.8520	0.9703
Day 3_Y8-1-R	Y8-1-R	IMAGINADA	False	False	False	0.8332	0.8332	0.8661	0.8405	0.9458
Day 3_Y8-2-L	Y8-2-L	TRACADA	False	False	False	0.8618	0.8618	0.2223	0.8908	0.8347
Day 3_Y8-2-R	Y8-2-R	PARCIAL	False	False	False	0.6199	0.6199	0.2445	0.7506	0.8374
Day 3_Y8-3-L	Y8-3-L	TRACADA	False	False	False	0.7921	0.7715	0.2499	0.9004	0.8508
Day 3_Y8-3-R	Y8-3-R	PARCIAL	False	False	False	0.8949	0.8949	0.9348	0.5668	0.9625
Day 3_Y8-4-L	Y8-4-L	PARCIAL	False	False	False	0.8935	0.8935	0.8735	0.7068	0.9532
Day 3_Y8-4-R	Y8-4-R	TRACADA	False	False	False	0.8420	0.8420	0.9035	0.7909	0.9618
Day 4_A8-1-L	A8-1-L	IMAGINADA	False	False	True	0.8231	0.8231	0.0000	0.7904	0.8626
Day 4_A8-1-R	A8-1-R	PARCIAL	False	False	False	0.9511	0.9511	0.4219	0.8633	0.8383
Day 4_A8-3-L	A8-3-L	PARCIAL	False	False	True	0.9065	0.9065	0.0000	0.6343	0.7761
Day 4_A8-3-R	A8-3-R	TRACADA	False	False	False	0.9339	0.9339	0.9037	0.8940	0.9081
Day 4_A8-4-L	A8-4-L	PARCIAL	False	False	False	0.0680	0.7982	0.8853	0.7510	0.9696
Day 4_A8-4-R	A8-4-R	PARCIAL	False	False	False	0.9154	0.9154	0.7971	0.8231	0.9174
Day 4_A8-5-L	A8-5-L	TRACADA	False	False	False	0.9461	0.9461	0.1138	0.6286	0.8344
Day 4_A8-5-R	A8-5-R	TRACADA	False	False	False	0.6119	0.6119	0.9457	0.6092	0.9841
Day 4_Y8-1-L	Y8-1-L	PARCIAL	False	False	False	0.9291	0.9291	0.8450	0.8605	0.9155
Day 4_Y8-1-R	Y8-1-R	PARCIAL	False	False	False	0.8888	0.8888	0.5871	0.7909	0.7703
Day 4_Y8-2-L	Y8-2-L	TRACADA	False	False	False	0.8773	0.8622	0.0775	0.8561	0.8258
Day 4_Y8-2-R	Y8-2-R	PARCIAL	False	False	False	0.7575	0.7575	0.2274	0.6708	0.9061
Day 4_Y8-3-L	Y8-3-L	PARCIAL	False	False	False	0.8868	0.8626	0.0129	0.8607	0.8204
Day 4_Y8-3-R	Y8-3-R	PARCIAL	False	False	False	0.9314	0.9314	0.8305	0.8334	0.9245
Day 4_Y8-4-L	Y8-4-L	PARCIAL	False	False	False	0.8706	0.7805	0.9391	0.7221	0.9703
Day 4_Y8-4-R	Y8-4-R	PARCIAL	False	False	False	0.8909	0.8909	0.9119	0.6566	0.9527
Day 5_A8-1-L	A8-1-L	IMAGINADA	True	False	True	0.8222	0.8222	0.0000	0.8384	0.8025
Day 5_A8-1-R	A8-1-R	IMAGINADA	True	False	False	0.7496	0.7496	0.7353	0.7576	0.9076
Day 5_A8-3-L	A8-3-L	TRACADA	False	False	True	0.9102	0.9102	0.0000	0.8380	0.7618
Day 5_A8-3-R	A8-3-R	PARCIAL	False	False	False	0.9394	0.9394	0.8797	0.8396	0.8999
Day 5_A8-4-L	A8-4-L	PARCIAL	False	False	False	0.5086	0.4833	0.8461	0.7902	0.9397
Day 5_A8-4-R	A8-4-R	IMAGINADA	False	False	False	0.8850	0.8850	0.8943	0.8409	0.9693
Day 5_A8-5-L	A8-5-L	PARCIAL	False	False	False	0.8794	0.8794	0.8493	0.7493	0.9434
Day 5_A8-5-R	A8-5-R	PARCIAL	False	False	False	0.7036	0.6863	0.8633	0.6200	0.9737
Day 5_Y8-1-L	Y8-1-L	TRACADA	False	False	False	0.7376	0.7376	0.9696	0.7440	0.9408
Day 5_Y8-1-R	Y8-1-R	PARCIAL	False	False	False	0.9187	0.9187	0.9059	0.6100	0.9640
Day 5_Y8-2-L	Y8-2-L	IMAGINADA	False	False	True	0.7704	0.7704	0.0000	0.8125	0.8026
Day 5_Y8-2-R	Y8-2-R	TRACADA	False	False	False	0.7465	0.7465	0.3187	0.4221	0.9060
Day 5_Y8-3-L	Y8-3-L	PARCIAL	False	False	False	0.3936	0.3936	0.4759	0.7162	0.9182
Day 5_Y8-3-R	Y8-3-R	PARCIAL	False	False	False	0.5780	0.5780	0.9077	0.5683	0.9466
Day 5_Y8-4-L	Y8-4-L	PARCIAL	False	False	False	0.7972	0.7972	0.9354	0.5716	0.9671
Day 5_Y8-4-R	Y8-4-R	TRACADA	False	False	False	0.9539	0.9539	0.9578	0.5627	0.8607
Day 6_A8-1-L	A8-1-L	IMAGINADA	False	False	False	0.6673	0.6673	0.0000	0.6960	0.8334
Day 6_A8-1-R	A8-1-R	IMAGINADA	True	False	False	0.8067	0.8067	0.8200	0.8346	0.9390
Day 6_A8-3-L	A8-3-L	PARCIAL	False	False	True	0.7319	0.7319	0.0000	0.7465	0.8371
Day 6_A8-3-R	A8-3-R	PARCIAL	False	False	False	0.7826	0.7826	0.9635	0.7722	0.9747
Day 6_A8-4-L	A8-4-L	PARCIAL	False	False	False	0.7100	0.7100	0.8006	0.7974	0.9361
Day 6_A8-4-R	A8-4-R	PARCIAL	False	False	False	0.8303	0.8303	0.8688	0.8201	0.9436
Day 6_A8-5-L	A8-5-L	PARCIAL	False	False	False	0.4441	0.4441	0.6052	0.7203	0.9066
Day 6_A8-5-R	A8-5-R	PARCIAL	False	False	False	0.8978	0.8978	0.9226	0.6670	0.9464
Day 6_Y8-1-L	Y8-1-L	PARCIAL	False	False	False	0.6679	0.7907	0.9365	0.5949	0.9735
Day 6_Y8-1-R	Y8-1-R	PARCIAL	False	False	False	0.6259	0.6259	0.9088	0.5123	0.9636
Day 6_Y8-2-L	Y8-2-L	IMAGINADA	False	False	False	0.6685	0.6685	0.0125	0.6685	0.8125
Day 6_Y8-2-R	Y8-2-R	TRACADA	False	False	False	0.2607	0.2607	0.4370	0.2581	0.9478
Day 6_Y8-3-L	Y8-3-L	PARCIAL	False	False	False	0.6903	0.6903	0.3422	0.6756	0.9082
Day 6_Y8-3-R	Y8-3-R	PARCIAL	False	False	False	0.9170	0.4634	0.8928	0.3717	0.9864
Day 6_Y8-4-L	Y8-4-L	PARCIAL	False	False	False	0.8588	0.3960	0.8790	0.3921	0.9571
Day 6_Y8-4-R	Y8-4-R	TRACADA	False	False	False	0.8693	0.5366	0.9531	0.4809	0.9462
Day 7_A8-1-L	A8-1-L	PARCIAL	False	False	True	0.6156	0.6156	0.0000	0.5660	0.8666
Day 7_A8-1-R	A8-1-R	PARCIAL	False	False	False	0.7702	0.7702	0.2545	0.6911	0.8515
Day 7_A8-3-L	A8-3-L	IMAGINADA	False	False	True	0.8791	0.8791	0.0000	0.7062	0.7272
Day 7_A8-3-R	A8-3-R	PARCIAL	False	False	False	0.9029	0.9029	0.9291	0.7406	0.9645
Day 7_A8-4-L	A8-4-L	PARCIAL	False	False	False	0.7933	0.7933	0.6443	0.8298	0.9140
Day 7_A8-4-R	A8-4-R	IMAGINADA	False	False	False	0.7623	0.7623	0.7435	0.7211	0.9422
Day 7_A8-5-L	A8-5-L	IMAGINADA	True	False	False	0.5916	0.5916	0.0901	0.5943	0.8833
Day 7_A8-5-R	A8-5-R	IMAGINADA	False	False	False	0.8505	0.8807	0.8438	0.5167	0.9650
Day 7_Y8-1-L	Y8-1-L	PARCIAL	False	False	False	0.9143	0.9135	0.9190	0.5198	0.8845
Day 7_Y8-2-L	Y8-2-L	IMAGINADA	False	False	False	0.7523	0.5323	0.2151	0.5273	0.8946
Day 7_Y8-2-R	Y8-2-R	TRACADA	False	False	False	0.8524	0.8374	0.1996	0.1506	0.8886
Day 7_Y8-3-L	Y8-3-L	IMAGINADA	False	False	False	0.7971	0.7971	0.8361	0.4760	0.9520
Day 7_Y8-3-R	Y8-3-R	TRACADA	False	False	False	0.9355	0.9355	0.8635	0.2842	0.9842
Day 7_Y8-4-L	Y8-4-L	TRACADA	False	False	False	0.5600	0.5600	0.7528	0.1649	0.9777
Day 8_A8-1-L	A8-1-L	PARCIAL	False	False	True	0.6707	0.6707	0.0000	0.4832	0.9118
Day 8_A8-1-R	A8-1-R	PARCIAL	False	False	False	0.6880	0.6880	0.8985	0.6540	0.9719
Day 8_A8-3-L	A8-3-L	IMAGINADA	False	False	True	0.6591	0.6591	0.0000	0.6425	0.7779
Day 8_A8-3-R	A8-3-R	PARCIAL	False	False	False	0.8412	0.8362	0.9430	0.7663	0.9628
Day 8_A8-4-L	A8-4-L	PARCIAL	False	False	False	0.8441	0.8543	0.9133	0.8308	0.9638
Day 8_A8-4-R	A8-4-R	PARCIAL	False	False	False	0.5344	0.5344	0.8841	0.5351	0.9674
Day 8_A8-5-L	A8-5-L	IMAGINADA	False	False	False	0.7896	0.6885	0.0643	0.6246	0.8655
Day 8_A8-5-R	A8-5-R	PARCIAL	False	False	False	0.8668	0.8540	0.7878	0.2882	0.9754
Day 8_Y8-1-L	Y8-1-L	IMAGINADA	False	False	False	0.6932	0.6256	0.9278	0.4168	0.8853
Day 8_Y8-2-L	Y8-2-L	IMAGINADA	False	False	False	0.6616	0.3939	0.8007	0.3498	0.8894
Day 8_Y8-2-R	Y8-2-R	TRACADA	False	False	True	0.8858	0.8858	0.0000	0.0554	0.9725
Day 8_Y8-3-L	Y8-3-L	IMAGINADA	True	False	False	0.3929	0.3929	0.2317	0.4096	0.9388
Day 8_Y8-3-R	Y8-3-R	IMAGINADA	False	False	False	0.2068	0.1862	0.7504	0.1849	0.9673
Day 8_Y8-4-L	Y8-4-L	TRACADA	False	False	False	0.5547	0.1546	0.8006	0.1388	0.9746
Day 9_A8-1-L	A8-1-L	PARCIAL	False	False	True	0.9056	0.4445	0.0000	0.4297	0.9020
Day 9_A8-1-R	A8-1-R	PARCIAL	False	False	False	0.8348	0.6041	0.9047	0.5596	0.9616
Day 9_A8-3-L	A8-3-L	PARCIAL	False	False	True	0.6075	0.6075	0.0000	0.6268	0.7258
Day 9_A8-3-R	A8-3-R	IMAGINADA	True	False	False	0.7719	0.7719	0.8253	0.7701	0.9618
Day 9_A8-4-L	A8-4-L	PARCIAL	False	False	False	0.4481	0.4481	0.9236	0.6597	0.9798
Day 9_A8-4-R	A8-4-R	IMAGINADA	False	False	False	0.5812	0.5812	0.3319	0.4935	0.9434
Day 9_A8-5-L	A8-5-L	IMAGINADA	True	False	False	0.2327	0.2327	0.1650	0.5684	0.8899
Day 9_A8-5-R	A8-5-R	PARCIAL	False	False	False	0.7615	0.7615	0.8344	0.2774	0.9559
Day 9_Y8-1-L	Y8-1-L	TRACADA	False	False	False	0.7765	0.3381	0.9090	0.2960	0.9618
Day 9_Y8-2-L	Y8-2-L	IMAGINADA	False	False	False	0.8008	0.4399	0.6387	0.3405	0.9734
Day 9_Y8-3-L	Y8-3-L	TRACADA	False	False	False	0.8190	0.8171	0.9087	0.2682	0.9824
Day 9_Y8-3-R	Y8-3-R	TRACADA	False	False	False	0.7346	0.8047	0.7468	0.1167	0.9698
Day 9_Y8-4-L	Y8-4-L	TRACADA	False	False	False	0.6521	0.6264	0.8126	0.0992	0.9876
