imagem;dia;filme;Fabio;nota do Fabio;Emilio;nota do Emilio;ambos excluem
Day 1_A8-5-R;1;sim;não traçável;Artefato que atravessa a lesão, Plástico que deforma a borda.;viu parte;sangue e anel quebrado invadindo a ferida atrapalham em reconhecer a borda, pastico tbm;
Day 2_A8-1-R;2;sim;não traçável;muito pasticho em volta difícil traçar;viu parte;Plastico altera quase que totalmente a borda;
Day 3_A8-1-L;3;sim;medida;;imaginou a borda;Plástico em toda borda de uma forma que deforma;
Day 3_Y8-1-R;3;sim;borda parcial;"borda parcial: filme plástico e opacidade da lesão impedem ver onde começa a borda da ferida na porção inferior (setas 1, 2 e 3); restante da borda visível.";viu parte;vejo muito pouco a borda;
Day 3_Y8-2-R;3;sim;medida;não permite mensuração;imaginou a borda;Plástico contamina  toda borda.;
Day 5_A8-1-L;5;não;não traçável;não é possível ver a borda da ferida, imagem opaca.;imaginou a borda;Plástico tira totalmente a borda;sim
Day 5_A8-1-R;5;sim;não traçável;Imagem Opaca, com pasticho dobrando quem quase toda ferida, não é possível reconhecer a borda.;imaginou a borda;sem possibilidade, pastico tira o olhar da borda;sim
Day 5_A8-3-L;5;sim;borda parcial;Imagem muto opaca, desfocada.;viu parte;Imagem de baixa qualidade, desfoque, plástico;
Day 5_A8-3-R;5;sim;borda parcial;Imagem opaca, difícil verificar a borda, muito reflexo;viu parte;Plástico e qualidade da imagem, reflexo atrapalham;
Day 5_A8-4-R;5;sim;medida;;imaginou a borda;Plastico novamente atrapalha;
Day 5_Y8-2-L;5;não;medida;;imaginou a borda;Plástico emendado com ferida, não da pra saber oq é borda;
Day 5_Y8-3-L;5;sim;não traçável;"não traçável: filme plástico sobre a maior parte da borda; halo claro do plástico se confunde com a margem da ferida, sem limite definido. Reflexo e pelos sobre o leito.";viu parte;Imagem difícil;
Day 6_A8-1-L;6;sim;não traçável;"não traçável: filme plástico sobre a maior parte da borda; halo claro do plástico se confunde com a margem da ferida, sem limite definido. Reflexo e pelos sobre o leito.";viu parte;boa parte da borda não é possível ver;
Day 6_A8-1-R;6;sim;não traçável;"não traçável: filme plástico sobre a maior parte da borda; halo claro do plástico se confunde com a margem da ferida, sem limite definido. Reflexo e pelos sobre o leito.";imaginou a borda;Plástico contamina toda ferida, não sei oq é borda;sim
Day 6_A8-3-L;6;sim;não traçável;"não traçável: filme plástico sobre a maior parte da borda; halo claro do plástico se confunde com a margem da ferida, sem limite definido. Reflexo e pelos sobre o leito.";viu parte;parte da borda dá para olhar, outras o plástico mascara ela.;
Day 6_A8-3-R;6;sim;borda parcial;Ferida muito comprometida pelo plástico;viu parte;Plástico contamina borda em alguns lugares;
Day 6_A8-4-L;6;sim;pelo no leito;pelo sobre o leito;viu parte;Pelo em cima da borda;
Day 6_A8-4-R;6;sim;borda parcial;Plástico interfere em parte da borda da lesão;viu parte;parte da borda com sangue e plástico um pouco difícil de entender;
Day 6_A8-5-L;6;sim;não traçável;Muito Plástico, borda confusa. Uma parte avermelhada se uni a borda.;viu parte;Plástico atrapalhando visualizar a borda;
Day 6_Y8-1-R;6;sim;não traçável;"não traçável: filme plástico opaco sobre toda a ferida; mancha avermelhada central visível apenas através do filme, sem limite definido.";viu parte;Muito pastico deformando a ferida;
Day 6_Y8-2-L;6;não;medida;;imaginou a borda;Não é possível saber o que é borda;
Day 6_Y8-3-L;6;sim;borda parcial;"borda parcial: lado esquerdo sem borda identificável (filme e opacidade, sem limite anatômico visível); lado direito e superior traçáveis. Pelos cruzando o leito.";imaginou a borda;Lesão totalmente comprometida de plástico.;
Day 7_A8-1-L;7;sim;borda parcial;"borda parcial: lado esquerdo sem borda identificável (filme e opacidade, sem limite anatômico visível); lado direito e superior traçáveis. Pelos cruzando o leito.";viu parte;Parte da diretora da borda com liqueido ou plástico junto, não sei ao certo o que faz parte da borda;
Day 7_A8-1-R;7;sim;borda parcial;borda parcial: lado direito sem borda identificável (filme e opacidade, sem limite anatômico visível);viu parte;desfocada, baixa resolução;
Day 7_A8-3-L;7;sim;borda parcial;"borda parcial: lado direito sem borda identificável (filme e opacidade, sem limite anatômico visível);";viu parte;Muito pastico na borda;
Day 7_A8-4-L;7;não;pelo no leito;pelo sobre o leito;viu parte;Pelo em cima da borda;
Day 7_A8-5-L;7;sim;não traçável;"não traçável: filme opaco sobre todo o campo; leito difuso sem limite definido (nem a borda clara nem a vermelha são identificáveis); reflexos sobre o leito.";imaginou a borda;Plastico tira contorno da borda;sim
Day 7_Y8-3-L;7;não;medida;Muitos Pelos na Broda.;imaginou a borda;não é possível definir a borda, por conta do plástico aderido com pus, talvez.;
Day 8_A8-1-R;8;sim;borda parcial;"borda parcial: filme descolado (levantado) cobre a metade inferior da ferida, sem borda visível; metade superior traçável.";viu parte;imagem difícil por conta do Plástico;
Day 8_A8-3-L;8;sim;não traçável;"não traçável: imagem desfocada + filme sobre toda a ferida; mancha vermelha central sem limite definido.";viu parte;Imagem desfocada, plástico atrapalhando a borda;
Day 8_A8-3-R;8;sim;medida (corrigida);Retirado mínimo de artefato e um pingo vermelho indicado pela flexa;imaginou a borda;não é possível ver borda, plástico tira visão;
Day 8_A8-5-L;8;sim;medida (corrigida);Retirado sangue e pontos de brilho.;imaginou a borda;não consigo ver borda aqui;
Day 8_Y8-3-L;8;sim;não traçável;"não traçável: filme amassado sobre todo o campo, dobra diagonal atravessando a ferida; sem leito nem borda identificáveis.";imaginou a borda;não é possível localizar a borda, acho q uma das piores imagens.;sim
Day 9_A8-1-R;9;sim;medida (corrigida);tentando tirar filme que passa sobre a lesão.;imaginou a borda;Plástico atrapalha totalmente e baixa resolucao;
Day 9_A8-3-L;9;sim;não traçável;"não traçável: filme enrugado com dobras e vincos atravessando a ferida; mancha avermelhada visível só através do filme, sem contorno confiável.";viu parte;Imagem totalmente contaminada de Plastico;
Day 9_A8-3-R;9;sim;não traçável;"não traçável: vincos do filme cruzando toda a ferida em especial a borda; mancha difusa, contorno visível só em pequeno trecho.";imaginou a borda;não é possível, plástico dobra na ferida, borda;sim
Day 9_A8-4-L;9;sim;borda parcial;"borda parcial: pelos sobre a margem superior comprometem o trecho de cima da borda; restante (esquerda, direita, inferior) traçável.";viu parte;pelo e plastico atraplahm;
Day 9_A8-5-L;9;sim;não traçável;"não traçável: leito difuso sob o filme, sem contorno definido; lesão aparenta se estender até o anel (além do campo). Dois pequenos focos vermelhos isolados.";imaginou a borda;Plástico, ferida parece q atravessa o circulo vermelho;sim
Day 9_A8-5-R;9;sim;pelo no leito;"pelo sobre o leito: tufo cobre o centro e a metade esquerda da lesão; só a margem direita visível. Outra pequena lesão ao lado (esquerda).";viu parte;Pelo em cima da borda, imaginei onde seria;
Day 9_Y8-2-L;9;não;medida (corrigida);Retirado pelos da área da lesão;imaginou a borda;Crosta de plástico na lesão;
Day 10_A8-1-L;10;sim;medida;Imagem desfocada;imaginou a borda;Plástico com amarelado, perde visualização da borda;
Day 10_A8-1-R;10;sim;não traçável;filme dobrado sobre a borda: não dá para distinguir se a linha é borda da ferida, dobra do plástico ou exsudato aderido ao plástico.;viu parte;Muito plástico deformando beirada da ferida;
Day 10_A8-3-L;10;sim;não traçável;filme dobrado sobre a borda: não dá para distinguir se a linha é borda da ferida, dobra do plástico ou exsudato aderido ao plástico.;imaginou a borda;"não é possível; Plástico de forma muito grosseira";sim
Day 10_A8-3-R;10;sim;não traçável;filme dobrado sobre a borda: não dá para distinguir se a linha é borda da ferida, dobra do plástico ou exsudato aderido ao plástico.;imaginou a borda;não é possível... não sei qual é a lesão;sim
Day 10_A8-4-L;10;não;não traçável;filme dobrado sobre a borda: não dá para distinguir se a linha é borda da ferida, dobra do plástico ou exsudato aderido ao plástico. Pelo cobrindo a borda.;imaginou a borda;Imaginei o que seria a borda, imagem muito contaminada;sim
Day 10_A8-4-R;10;sim;não traçável;Opacidade do pastico com a ferida, não é possível determinar a borda.;viu parte;Não da pra saber ao certo;
Day 10_A8-5-L;10;sim;não traçável;Anel cobrindo parte da ferida, muito artefato, não é possível determinar a borda;viu parte;Muito Plástico, misturando com a borda, nitidez da imagem ruim;
Day 10_A8-5-R;10;não;não traçável;Pelo atravessa parte da borda da ferida, excluída por decisão técnica.;viu parte;Pelo atrapalha parte da borda;
Day 10_Y8-1-L;10;sim;não traçável;Imagem totalmente misturada com cores, plásticos , não é possível determinar a borda;imaginou a borda;Plástico enrugado em cima da borda;sim
Day 10_Y8-2-L;10;não;não traçável;Pelo sobre a pequena parte da borda da ferida, eliminada por decisão técnica.;imaginou a borda;pelos e crostas... imaginei onde seria;sim
Day 10_Y8-2-R;10;não;não traçável;cicatrizada: sem borda de ferida visível, leito coberto de pelo.;imaginou a borda;Ferida fechada;sim
Day 10_Y8-3-L;10;não;não traçável;cicatrizada: sem borda de ferida visível.;viu parte;Difícil localizar a borda;
Day 10_Y8-4-L;10;não;não traçável;cicatrizada: sem borda de ferida visível.;ferida fechada;;sim
Day 11_A8-3-R;11;não;não traçável;Não é possível determinar a lesão;imaginou a borda;Não é possível saber o que é ferida ou borda;sim
Day 11_A8-4-L;11;sim;não traçável;Pelo sobre a Lesão, não é possível ver a borda em grande parte.;viu parte;nao é possível pelo e plastico deformam imagem;
Day 11_A8-4-R;11;sim;não traçável;Opacidade, não da para definir borda.;imaginou a borda;não da pra definir o que é borda;sim
Day 11_Y8-2-L;11;não;não traçável;Pelo sobre a ferida não é possível ver parte da borda;imaginou a borda;Pelo por cima da borda;sim
Day 11_Y8-2-R;11;não;não traçável;Sem borda.;imaginou a borda;Pelo sobre a ferida, acho q ja cicatrizada;sim
Day 12_A8-1-L;12;sim;não traçável;Plástico e resido amarelado, não é possível ver a borda;viu parte;Contaminada por plastico;
Day 12_A8-3-R;12;não;medida;;imaginou a borda;não consegue definir ao certo oq é lesão;
Day 12_A8-4-R;12;sim;medida;Borda não verificável, mistura amarelado com plástico e ferida;imaginou a borda;não é possível, plástico pega a ferida de uma forma que contorce;
Day 12_A8-5-L;12;não;medida;Pelos podem confundir.;imaginou a borda;Lesao com muito pelo, talvez cicatrizada;
Day 12_Y8-2-L;12;não;não traçável;Pelos cobrindo parte da borda,;imaginou a borda;Pelo sobre a ferida. não consigo visualizar;sim
Day 12_Y8-2-R;12;não;não traçável;Não enxergo a borda;imaginou a borda;Pelo cicatriz, não é possível;sim
Day 13_A8-1-L;13;sim;não traçável;Plástico envolta da ferida com algo branco não identificado.;viu parte;Plástico não deixa olhar se é a borda. estou imaginando que seja.;
Day 13_A8-4-L;13;sim;não traçável;Pelos em cima da Borda, não é possível traçar;imaginou a borda;Imagem sem condições alguma;sim
Day 13_A8-4-R;13;não;não traçável;Liquido sobre a lesão que esconde a borda;imaginou a borda;nao da pra saber o que é borda, liquido amarelado com plastico talvez fizeram este efeito na ferida;sim
Day 13_A8-5-L;13;sim;não traçável;Plástico dobrando sobre a ferida e borda, elemento de cor que não aparenta ser borda. Identificados na seta;viu parte;Plástico defira parte de baixo da ferida, imaginei boa parte;
Day 13_Y8-2-L;13;não;não traçável;Não é possível ver a borda. possivelmente cicatrizada.;imaginou a borda;pelo cobre a borda, aparenta esta cicatrizada;sim
Day 13_Y8-2-R;13;não;não traçável;Pelos, sem borda identificada.;imaginou a borda;não tem como, pelo sobre a borda.;sim
Day 14_A8-3-R;14;não;não traçável;"não traçável: leito coberto de pelo e mancha avermelhada difusa que se confunde com a lesão; não dá para separar borda da ferida, mancha e pelo.";imaginou a borda;não consegue definir a lesao;sim
Day 14_A8-4-L;14;sim;não traçável;impossível determinar a lesão;imaginou a borda;impossível de achar a borda,.;sim
Day 14_A8-4-R;14;sim;não traçável;Não é possível determinar a borda especialmente onde a seta indica;imaginou a borda;não é possível nem classificar o que é;sim
Day 14_A8-5-L;14;não;pelo no leito;pelo sobre o leito;viu parte;Pelo atrapalhou a borda;
Day 14_Y8-2-L;14;não;não traçável;Não é possível ver a lesão;imaginou a borda;Pelo e possível cicatrização não vejo borda;sim
Day 14_Y8-2-R;14;não;não traçável;não é possível ver borda, lesão;imaginou a borda;não é possível, pelo;sim
Day 15_A8-3-L;15;não;não traçável;"não traçável:  pequena área avermelhada com crosta no centro, sem limite claro entre ferida aberta e pele já cicatrizada; pelo e brilho por cima e o que parece exsudato por cima";imaginou a borda;Imagem contaminada plástico pelo, substancia amarelada;sim
Day 15_A8-3-R;15;não;não traçável;pelos e manchas que atrapalham o traçado, em alguns pontos não se verifica a borda;imaginou a borda;lesão com pelos outros focos de lesão , plástico;sim
