id	nome	emilio	fabio	filme	cicatrizada	area_emilio_mm2	area_r3	area_r4	dice_r3	dice_r4	dice_nulo	segundos	nota
C152	Day 0_A8-1-L	TRACADA	nada	False	False	21.5095	22.0044	22.0044	0.9618	0.9618	0.7789	19.7540	
C151	Day 0_A8-1-R	TRACADA	ok	False	False	32.5546	28.9434	28.9246	0.9180	0.9176	0.7221	19.4550	
C186	Day 0_A8-3-L	TRACADA	ok	False	False	26.7064	28.1452	26.2938	0.9536	0.9632	0.8809	21.5900	
C192	Day 0_A8-3-R	TRACADA	ok	False	False	29.8897	31.7435	29.2467	0.9533	0.9640	0.9339	19.0260	
C032	Day 0_A8-4-L	TRACADA	ok	False	False	19.1279	28.4767	28.4603	0.8036	0.8039	0.8076	41.1900	
C005	Day 0_A8-4-R	TRACADA	ok	False	False	24.8515	26.5924	26.7064	0.9386	0.9408	0.7646	29.1210	
C071	Day 0_A8-5-L	TRACADA	ok	False	False	28.9775	27.0320	28.3768	0.9364	0.9539	0.8344	29.3040	
C101	Day 0_A8-5-R	TRACADA	ok	False	False	25.0536	27.9172	27.9572	0.9374	0.9371	0.7888	37.9480	
C198	Day 0_Y8-1-L	TRACADA	nada	False	False	23.0788	24.5047	24.5047	0.9374	0.9374	0.8854	21.1320	
C104	Day 0_Y8-1-R	TRACADA	ok	False	False	16.7052	29.2808	19.4253	0.7192	0.9096	0.7418	33.9040	
C063	Day 0_Y8-2-L	TRACADA	ok	False	False	26.9274	27.3600	27.3953	0.9279	0.9281	0.9029	31.0780	
C107	Day 0_Y8-2-R	TRACADA	ok	False	False	18.4191	19.4664	16.4054	0.9666	0.8683	0.7895	28.5020	
C025	Day 0_Y8-3-L	TRACADA	ok	False	False	24.1767	32.3618	17.5104	0.8544	0.7630	0.8754	83.1470	
C135	Day 0_Y8-3-R	TRACADA	nada	False	False	25.7061	26.0411	26.0411	0.9753	0.9753	0.9221	25.9820	
C117	Day 0_Y8-4-L	TRACADA	nada	False	False	20.8300	22.5569	22.5569	0.9380	0.9380	0.7604	25.3210	
C126	Day 0_Y8-4-R	TRACADA	ok	False	False	22.4711	22.9671	23.8217	0.9488	0.9649	0.8748	27.5000	
C061	Day 10_A8-1-L	PARCIAL	nada	True	False	7.0777	28.7024	28.7024	0.3956	0.3956	0.4008	17.3860	Filme atrapalha
C130	Day 10_A8-1-R	PARCIAL	NAO_TRACAVEL	True	False	13.2938	25.4768	25.4768	0.6852	0.6852	0.6280	20.6010	Filme atrapalha
C138	Day 10_A8-3-L	IMAGINADA	NAO_TRACAVEL	True	False	8.9950	26.6617	26.6617	0.4602	0.4602	0.4831	12.4790	Filme atrapalha
C125	Day 10_A8-3-R	PARCIAL	NAO_TRACAVEL	True	False	0.4197	19.9801	19.9801	0.0411	0.0411	0.0293	16.3840	Filme atrapalha
C045	Day 10_A8-4-L	PARCIAL	NAO_TRACAVEL	False	False	11.1015	28.2816	28.2816	0.4644	0.4644	0.5644	20.3760	Filme atrapalha e pelagem tbm
C023	Day 10_A8-4-R	PARCIAL	NAO_TRACAVEL	True	False	11.1932	22.5804	22.5804	0.6572	0.6572	0.5677	28.3650	Filme atrapalha
C201	Day 10_A8-5-L	IMAGINADA	NAO_TRACAVEL	True	False	16.6699	27.9219	27.9219	0.2549	0.2549	0.5196	11.6770	Filme atrapalha
C035	Day 10_A8-5-R	PARCIAL	NAO_TRACAVEL	False	False	2.6931	23.1493	23.1493	0.2084	0.2084	0.1283	37.7870	foto não esta boa.
C139	Day 10_Y8-1-L	IMAGINADA	NAO_TRACAVEL	True	False	5.2534	24.7880	24.7880	0.3489	0.3489	0.3137	9.3110	Filme atrapalha
C089	Day 10_Y8-2-L	PARCIAL	NAO_TRACAVEL	False	False	5.1088	15.0418	15.0418	0.5071	0.5071	0.2802	58.6890	pelagem do animal dificulta e restos de algo ou do próprio animal ou de plástico
C170	Day 10_Y8-2-R	FECHADA	NAO_TRACAVEL	False	True	0.0000	25.7084	25.7084				14.4630	nao  vejo
C162	Day 10_Y8-3-L	FECHADA	NAO_TRACAVEL	False	True	0.0000	28.5955	28.5955				31.9900	não vejo a borda 
C054	Day 10_Y8-4-L	PARCIAL	NAO_TRACAVEL	False	True	0.1657	28.4544	28.4544	0.0116	0.0116	0.0117	34.3130	cicatrizada, nao consigo saber
C021	Day 11_A8-1-L	TRACADA	ok	False	False	3.9203	29.9085	3.6982	0.2318	0.9366	0.2438	14.1130	
C200	Day 11_A8-1-R	TRACADA	ok	False	False	5.2063	5.2251	5.2522	0.9536	0.9534	0.2827	10.5170	
C193	Day 11_A8-3-L	TRACADA	nada	False	False	6.2549	7.2588	7.2588	0.8890	0.8890	0.3627	10.3790	
C070	Day 11_A8-3-R	IMAGINADA	NAO_TRACAVEL	False	False	16.7487	19.3007	19.3007	0.9216	0.9216	0.7446	34.9440	Filme atrapalha de forma global
C041	Day 11_A8-4-L	PARCIAL	NAO_TRACAVEL	True	False	4.8055	19.2925	19.2925	0.2469	0.2469	0.2908	29.3170	pelagem do animal na foto
C150	Day 11_A8-4-R	IMAGINADA	NAO_TRACAVEL	True	False	10.1305	28.9928	28.9928	0.5179	0.5179	0.5260	12.4630	Filme atrapalha
C013	Day 11_A8-5-L	TRACADA	nada	False	False	4.8231	5.5743	5.5743	0.9027	0.9027	0.2917	13.4320	
C137	Day 11_Y8-2-L	IMAGINADA	NAO_TRACAVEL	False	False	1.9208	6.3478	6.3478	0.4291	0.4291	0.1274	25.0940	pelo tampa a borda, crosta...
C062	Day 11_Y8-2-R	FECHADA	NAO_TRACAVEL	False	False	0.0000	28.5273	28.5273				33.7810	nao descubro a ferida ao certo
C080	Day 12_A8-1-L	IMAGINADA	NAO_TRACAVEL	True	False	6.0116	15.1993	15.1993	0.5497	0.5497	0.3510	14.8060	Filme atrapalha
C124	Day 12_A8-3-L	TRACADA	nada	False	False	6.1444	7.1741	7.1741	0.8768	0.8768	0.3436	18.1020	
C149	Day 12_A8-3-R	PARCIAL	nada	False	False	8.0005	8.2944	8.2944	0.8977	0.8977	0.4415	12.3750	Filme atrapalha
C017	Day 12_A8-4-L	PARCIAL	nada	False	False	6.3783	26.2621	26.2621	0.0881	0.0881	0.3685	39.9430	pelagem do animal cobre parte da ferida
C155	Day 12_A8-4-R	IMAGINADA	nada	True	False	9.7215	23.5043	23.5043	0.5852	0.5852	0.5122	9.2290	Filme atrapalha
C029	Day 12_A8-5-L	IMAGINADA	nada	False	False	4.3870	4.3835	4.3835	0.8725	0.8725	0.2689	64.1260	pelagem dificulta
C051	Day 12_Y8-2-L	PARCIAL	NAO_TRACAVEL	False	False	0.9110	7.7842	7.7842	0.1893	0.1893	0.0625	43.0150	pelos na ferida
C167	Day 12_Y8-2-R	FECHADA	NAO_TRACAVEL	False	False	0.0000	28.3698	28.3698				17.8030	nao vejo a borda
C140	Day 13_A8-1-L	IMAGINADA	NAO_TRACAVEL	True	False	4.1002	20.4421	20.4421	0.3341	0.3341	0.2536	13.6920	Filme atrapalha
C002	Day 13_A8-1-R	TRACADA	nada	False	False	1.4118	2.6555	2.6555	0.6942	0.6942	0.0952	29.5610	
C079	Day 13_A8-3-L	PARCIAL	nada	False	False	3.1974	5.6789	5.6789	0.7051	0.7051	0.2034	40.1150	Filme atrapalha
C059	Day 13_A8-3-R	PARCIAL	nada	False	False	4.1155	5.1769	5.1769	0.8762	0.8762	0.2544	34.9540	imagem ruim
C099	Day 13_A8-4-L	IMAGINADA	NAO_TRACAVEL	True	False	8.9668	27.3142	27.3142	0.4943	0.4943	0.4820	41.4630	imagem com pelagem em quase toda lesao, e desfoque tbm resto de plastco
C024	Day 13_A8-4-R	IMAGINADA	NAO_TRACAVEL	False	False	9.9530	11.7845	11.7845	0.9130	0.9130	0.5212	45.6040	Filme atrapalha, cola na ferida, não possível ver a borda
C044	Day 13_A8-5-L	PARCIAL	NAO_TRACAVEL	True	False	3.7334	28.1899	28.1899	0.0001	0.0001	0.1644	21.5550	Filme atrapalha
C191	Day 13_Y8-2-L	FECHADA	NAO_TRACAVEL	False	True	0.0000	28.2887	28.2887				14.5640	nao vejo
C108	Day 13_Y8-2-R	FECHADA	NAO_TRACAVEL	False	False	0.0000	27.4294	27.4294				44.0020	pelo e não vejo a borda do animal, pode ter cicatrizado
C016	Day 14_A8-1-R	TRACADA	nada	False	False	1.8902	2.1159	2.1159	0.8110	0.8110	0.1255	12.8930	
C097	Day 14_A8-3-L	PARCIAL	nada	False	False	3.2703	27.7326	27.7326	0.2110	0.2110	0.2076	51.2360	pelagem e plástico ou exudato
C065	Day 14_A8-3-R	PARCIAL	NAO_TRACAVEL	False	False	3.8945	29.0304	29.0304	0.2361	0.2361	0.2424	39.8940	difícil saber onde esta a borda
C183	Day 14_A8-4-L	IMAGINADA	NAO_TRACAVEL	True	False	11.8444	31.1346	31.1346	0.5332	0.5332	0.5910	8.6570	Filme atrapalha
C100	Day 14_A8-4-R	IMAGINADA	NAO_TRACAVEL	True	False	13.6959	15.0959	15.0959	0.8902	0.8902	0.6532	27.9290	Filme atrapalha e algum material que cobre a ferida
C132	Day 14_A8-5-L	PARCIAL	PELO	False	False	3.5406	25.3710	25.3710	0.0000	0.0000	0.2179	17.5660	pelo atrapalha
C039	Day 14_Y8-2-L	FECHADA	NAO_TRACAVEL	False	False	0.0000	14.5340	14.5340				30.0290	pelagem... sem ferida
C055	Day 14_Y8-2-R	IMAGINADA	NAO_TRACAVEL	False	False	1.0027	34.9703	34.9703	0.0557	0.0557	0.0686	24.2830	pelos, nao vejo ferida
C076	Day 15_A8-1-R	TRACADA	nada	False	False	1.5446	2.2887	2.2887	0.8059	0.8059	0.1037	11.9740	
C157	Day 15_A8-3-L	IMAGINADA	NAO_TRACAVEL	False	True	3.8710	26.7240	26.7240	0.1024	0.1024	0.2411	20.4480	pelos e Filme atrapalha
C019	Day 15_A8-3-R	IMAGINADA	NAO_TRACAVEL	False	False	9.0350	28.2240	28.2240	0.2973	0.2973	0.4675	40.4120	pelagem atrapalha
C040	Day 1_A8-1-L	TRACADA	nada	True	False	21.5471	22.3100	22.3100	0.9746	0.9746	0.8531	25.5070	
C164	Day 1_A8-3-L	TRACADA	ok	True	False	27.8572	25.5133	25.6967	0.9422	0.9483	0.8588	18.8640	
C050	Day 1_A8-3-R	TRACADA	ok	True	False	27.9607	29.9602	28.5649	0.9588	0.9656	0.9394	24.1330	
C175	Day 1_A8-4-L	PARCIAL	ok	True	False	22.8860	21.3614	20.9805	0.9396	0.9477	0.8352	23.6700	Filme atrapalha
C179	Day 1_A8-4-R	TRACADA	nada	True	False	30.4387	29.9567	29.9567	0.9528	0.9528	0.8047	19.0910	
C145	Day 1_A8-5-L	TRACADA	nada	True	False	27.9830	25.6849	25.6849	0.9530	0.9530	0.8791	25.8110	
C012	Day 1_A8-5-R	PARCIAL	NAO_TRACAVEL	True	False	18.7847	27.7091	27.7091	0.7829	0.7829	0.7887	66.6780	mancha escura avermelhada, em parte da borda
C185	Day 1_Y8-1-L	TRACADA	nada	True	False	29.4583	27.3729	27.3729	0.9440	0.9440	0.8455	20.7220	
C060	Day 1_Y8-1-R	TRACADA	nada	True	False	23.2069	27.2389	27.2389	0.9190	0.9190	0.9005	28.9960	
C174	Day 1_Y8-2-L	TRACADA	ok	True	False	30.5609	29.7569	29.5135	0.9589	0.9619	0.8449	26.7300	
C087	Day 1_Y8-2-R	TRACADA	nada	True	False	24.5752	25.0595	25.0595	0.9739	0.9739	0.8893	21.5070	
C123	Day 1_Y8-3-L	PARCIAL	nada	True	False	25.9282	26.6394	26.6394	0.9724	0.9724	0.8586	24.4310	Filme atrapalha
C081	Day 1_Y8-3-R	PARCIAL	ok	True	False	25.1254	26.7887	26.8122	0.9498	0.9519	0.9074	27.3710	Filme atrapalha
C112	Day 1_Y8-4-L	PARCIAL	nada	True	False	22.6133	25.5062	25.5062	0.9248	0.9248	0.7712	48.8690	imagem ruim desfoque
C069	Day 1_Y8-4-R	PARCIAL	nada	True	False	24.6975	22.5204	22.5204	0.9335	0.9335	0.8691	23.5330	Filme atrapalha
C197	Day 2_A8-1-L	IMAGINADA	nada	True	False	21.1451	19.9378	19.9378	0.9154	0.9154	0.8277	15.5720	Filme atrapalha
C091	Day 2_A8-1-R	IMAGINADA	NAO_TRACAVEL	True	False	31.8387	27.1096	27.1096	0.8717	0.8717	0.7103	26.4310	Filme atrapalha
C161	Day 2_A8-3-L	PARCIAL	nada	True	False	26.8498	27.2436	27.2436	0.9417	0.9417	0.8505	22.7980	Filme atrapalha
C008	Day 2_A8-3-R	TRACADA	nada	True	False	26.6900	28.0477	28.0477	0.9630	0.9630	0.8776	24.6630	
C014	Day 2_A8-4-L	TRACADA	ok	True	False	19.5746	28.2052	27.6750	0.8120	0.7797	0.7738	25.4760	
C144	Day 2_A8-4-R	TRACADA	nada	True	False	28.3098	27.4529	27.4529	0.9602	0.9602	0.9210	20.6760	
C006	Day 2_A8-5-L	TRACADA	nada	False	False	27.9630	28.9117	28.9117	0.9387	0.9387	0.8218	29.3120	
C075	Day 2_A8-5-R	TRACADA	nada	False	False	18.8211	18.9116	18.9116	0.9687	0.9687	0.7935	21.4930	
C010	Day 2_Y8-1-L	TRACADA	nada	True	False	25.5803	25.5168	25.5168	0.9453	0.9453	0.8371	27.0860	
C088	Day 2_Y8-1-R	PARCIAL	nada	False	False	21.8210	22.8790	22.8790	0.9503	0.9503	0.8110	22.1070	Filme atrapalha
C073	Day 2_Y8-2-L	TRACADA	ok	True	False	28.1817	21.9809	21.5248	0.8486	0.8496	0.8713	60.0520	vejo a borda apesar de objeto atravessando a ferida
C093	Day 2_Y8-2-R	TRACADA	nada	True	False	20.8300	20.6008	20.6008	0.9574	0.9574	0.8460	23.0380	
C159	Day 2_Y8-3-L	TRACADA	ok	False	False	26.0140	27.8537	29.1327	0.7083	0.9154	0.8760	24.0850	
C058	Day 2_Y8-3-R	TRACADA	nada	False	False	23.1340	22.2312	22.2312	0.9717	0.9717	0.8038	27.8740	
C173	Day 2_Y8-4-L	TRACADA	nada	False	False	23.2340	20.6514	20.6514	0.9232	0.9232	0.6928	17.2320	
C090	Day 2_Y8-4-R	PARCIAL	nada	True	False	25.4322	27.0767	27.0767	0.9011	0.9011	0.8848	20.1600	Filme atrapalha
C096	Day 3_A8-1-L	PARCIAL	nada	True	False	21.8962	28.3216	28.3216	0.8067	0.8067	0.8127	20.1500	Filme atrapalha
C181	Day 3_A8-3-L	IMAGINADA	nada	True	False	22.8731	24.1156	24.1156	0.9191	0.9191	0.8206	19.8300	Filme atrapalha
C169	Day 3_A8-3-R	PARCIAL	nada	True	False	29.5711	28.6401	28.6401	0.9415	0.9415	0.9299	15.8960	Filme atrapalha
C004	Day 3_A8-4-L	TRACADA	ok	True	False	18.4273	28.7941	23.0518	0.3193	0.7467	0.7800	21.2020	
C190	Day 3_A8-4-R	PARCIAL	ok	True	False	27.3506	30.9077	24.0509	0.8068	0.7616	0.8213	16.5740	Filme atrapalha
C022	Day 3_A8-5-L	PARCIAL	nada	False	False	24.3777	28.8682	28.8682	0.8992	0.8992	0.8918	54.5340	Filme atrapalha
C172	Day 3_A8-5-R	IMAGINADA	ok	True	False	17.6773	27.1884	21.4190	0.7511	0.8538	0.7699	19.0310	Filme atrapalha
C158	Day 3_Y8-1-L	IMAGINADA	ok	True	False	24.2731	22.0490	22.6192	0.8688	0.8712	0.8520	22.9610	Filme atrapalha
C176	Day 3_Y8-1-R	IMAGINADA	BORDA_PARCIAL	True	False	20.5056	28.3098	28.3098	0.8332	0.8332	0.8405	17.0600	Filme atrapalha
C142	Day 3_Y8-2-L	TRACADA	nada	True	False	23.6560	30.8066	30.8066	0.8618	0.8618	0.8908	17.5030	
C057	Day 3_Y8-2-R	PARCIAL	nada	True	False	18.2733	29.5429	29.5429	0.6199	0.6199	0.7506	17.9890	Filme atrapalha
C116	Day 3_Y8-3-L	TRACADA	ok	False	False	25.9517	30.0120	27.5257	0.7715	0.7921	0.9004	22.7480	
C128	Day 3_Y8-3-R	PARCIAL	nada	False	False	20.7372	23.1340	23.1340	0.8949	0.8949	0.5668	18.9150	Filme atrapalha
C052	Day 3_Y8-4-L	PARCIAL	nada	False	False	17.8572	14.9701	14.9701	0.8935	0.8935	0.7068	21.5830	Filme atrapalha
C043	Day 3_Y8-4-R	TRACADA	nada	True	False	21.4683	29.0633	29.0633	0.8420	0.8420	0.7909	22.8900	
C187	Day 4_A8-1-L	IMAGINADA	nada	True	False	19.0233	27.2001	27.2001	0.8231	0.8231	0.7904	17.1160	Filme atrapalha
C106	Day 4_A8-1-R	PARCIAL	nada	True	False	24.9878	25.2347	25.2347	0.9511	0.9511	0.8633	21.0890	Filme atrapalha
C015	Day 4_A8-3-L	PARCIAL	nada	True	False	22.6474	25.7260	25.7260	0.9065	0.9065	0.6343	24.5810	Filme atrapalha
C180	Day 4_A8-3-R	TRACADA	nada	True	False	25.1430	28.2158	28.2158	0.9339	0.9339	0.8940	15.6290	
C127	Day 4_A8-4-L	PARCIAL	ok	True	False	18.6977	26.5795	0.6583	0.7982	0.0680	0.7510	33.3500	muito ruim a imagem pelagem atrapalha.
C103	Day 4_A8-4-R	PARCIAL	nada	True	False	26.1774	29.6370	29.6370	0.9154	0.9154	0.8231	16.3250	Filme atrapalha
C178	Day 4_A8-5-L	TRACADA	nada	True	False	22.5192	24.6117	24.6117	0.9461	0.9461	0.6286	14.2580	
C027	Day 4_A8-5-R	TRACADA	nada	False	False	14.7585	31.1628	31.1628	0.6119	0.6119	0.6092	18.6690	
C119	Day 4_Y8-1-L	PARCIAL	nada	True	False	21.8339	24.8773	24.8773	0.9291	0.9291	0.8605	14.7420	Filme atrapalha
C077	Day 4_Y8-1-R	PARCIAL	nada	True	False	18.4743	22.3523	22.3523	0.8888	0.8888	0.7909	20.1020	Filme atrapalha
C171	Day 4_Y8-2-L	TRACADA	ok	True	False	21.3108	28.1253	27.2695	0.8622	0.8773	0.8561	17.8110	
C184	Day 4_Y8-2-R	PARCIAL	nada	False	False	14.2507	23.3750	23.3750	0.7575	0.7575	0.6708	27.9250	desfocada a imagem da foto
C094	Day 4_Y8-3-L	PARCIAL	ok	True	False	21.3367	28.1358	26.7534	0.8626	0.8868	0.8607	50.0480	algum material na borda
C083	Day 4_Y8-3-R	PARCIAL	nada	False	False	20.1753	18.0088	18.0088	0.9314	0.9314	0.8334	21.9100	Filme atrapalha
C085	Day 4_Y8-4-L	PARCIAL	ok	True	False	15.9587	24.8973	20.6373	0.7805	0.8706	0.7221	22.5960	Filme atrapalha
C072	Day 4_Y8-4-R	PARCIAL	nada	False	False	16.6147	20.4104	20.4104	0.8909	0.8909	0.6566	39.7510	Filme atrapalha
C168	Day 5_A8-1-L	IMAGINADA	NAO_TRACAVEL	False	False	20.3845	29.0551	29.0551	0.8222	0.8222	0.8384	13.1290	Filme atrapalha
C078	Day 5_A8-1-R	IMAGINADA	NAO_TRACAVEL	True	False	17.9736	26.7240	26.7240	0.7496	0.7496	0.7576	15.2390	Filme atrapalha
C086	Day 5_A8-3-L	TRACADA	BORDA_PARCIAL	True	False	20.3669	19.2842	19.2842	0.9102	0.9102	0.8380	39.8010	esta foto esta opaca mas vejo a borda.
C165	Day 5_A8-3-R	PARCIAL	BORDA_PARCIAL	True	False	21.7869	21.8645	21.8645	0.9394	0.9394	0.8396	14.8130	Filme atrapalha
C153	Day 5_A8-4-L	PARCIAL	ok	True	False	18.4637	26.3973	19.8144	0.4833	0.5086	0.7902	27.4530	Filme atrapalha e foto ruim
C189	Day 5_A8-4-R	IMAGINADA	nada	True	False	24.2531	29.1456	29.1456	0.8850	0.8850	0.8409	11.9660	Filme atrapalha
C003	Day 5_A8-5-L	PARCIAL	nada	True	False	20.8641	24.5658	24.5658	0.8794	0.8794	0.7493	23.6420	Filme atrapalha
C199	Day 5_A8-5-R	PARCIAL	ok	False	False	14.1861	26.3832	25.7096	0.6863	0.7036	0.6200	38.9820	Filme atrapalha (crosta)
C009	Day 5_Y8-1-L	TRACADA	nada	True	False	16.7287	28.6201	28.6201	0.7376	0.7376	0.7440	42.0010	
C053	Day 5_Y8-1-R	PARCIAL	nada	False	False	12.3946	13.2409	13.2409	0.9187	0.9187	0.6100	20.1360	Filme atrapalha
C129	Day 5_Y8-2-L	IMAGINADA	nada	False	False	19.3230	29.2291	29.2291	0.7704	0.7704	0.8125	17.9630	Filme atrapalha
C109	Day 5_Y8-2-R	TRACADA	nada	False	False	7.5538	12.6802	12.6802	0.7465	0.7465	0.4221	14.1730	
C105	Day 5_Y8-3-L	PARCIAL	NAO_TRACAVEL	True	False	15.7554	28.4861	28.4861	0.3936	0.3936	0.7162	16.3320	Filme atrapalha
C046	Day 5_Y8-3-R	PARCIAL	nada	False	False	11.2097	27.5751	27.5751	0.5780	0.5780	0.5683	17.4900	Filme atrapalha
C163	Day 5_Y8-4-L	PARCIAL	nada	False	False	11.3002	17.0214	17.0214	0.7972	0.7972	0.5716	13.1370	Filme atrapalha
C120	Day 5_Y8-4-R	TRACADA	nada	False	False	11.4506	12.1383	12.1383	0.9539	0.9539	0.5627	12.7090	
C188	Day 6_A8-1-L	IMAGINADA	NAO_TRACAVEL	True	False	15.0747	28.5437	28.5437	0.6673	0.6673	0.6960	12.0950	Filme atrapalha
C098	Day 6_A8-1-R	IMAGINADA	NAO_TRACAVEL	True	False	20.4174	28.0195	28.0195	0.8067	0.8067	0.8346	23.5550	Filme atrapalha
C064	Day 6_A8-3-L	PARCIAL	NAO_TRACAVEL	True	False	16.8721	29.2349	29.2349	0.7319	0.7319	0.7465	29.8880	Filme atrapalha
C122	Day 6_A8-3-R	PARCIAL	BORDA_PARCIAL	True	False	17.7655	27.6292	27.6292	0.7826	0.7826	0.7722	16.7000	Filme atrapalha
C118	Day 6_A8-4-L	PARCIAL	PELO	True	False	19.5805	22.6685	22.6685	0.7100	0.7100	0.7974	46.2160	pelagem do animal tampa a borda na parte de cima
C131	Day 6_A8-4-R	PARCIAL	BORDA_PARCIAL	True	False	20.2094	28.0829	28.0829	0.8303	0.8303	0.8201	17.2350	Filme atrapalha
C036	Day 6_A8-5-L	PARCIAL	NAO_TRACAVEL	True	False	17.8043	29.9520	29.9520	0.4441	0.4441	0.7203	18.8830	Filme atrapalha
C084	Day 6_A8-5-R	PARCIAL	nada	False	False	14.1355	15.3510	15.3510	0.8978	0.8978	0.6670	19.4360	Filme atrapalha
C049	Day 6_Y8-1-L	PARCIAL	ok	True	False	11.9573	17.4410	23.8464	0.7907	0.6679	0.5949	25.3010	Filme atrapalha
C020	Day 6_Y8-1-R	PARCIAL	NAO_TRACAVEL	True	False	9.7250	21.3520	21.3520	0.6259	0.6259	0.5123	19.8320	Filme atrapalha
C154	Day 6_Y8-2-L	IMAGINADA	nada	False	False	14.1778	28.2416	28.2416	0.6685	0.6685	0.6685	12.4160	Filme atrapalha
C082	Day 6_Y8-2-R	TRACADA	nada	False	False	4.1836	27.9172	27.9172	0.2607	0.2607	0.2581	17.1410	
C007	Day 6_Y8-3-L	PARCIAL	BORDA_PARCIAL	True	False	14.4071	26.6923	26.6923	0.6903	0.6903	0.6756	20.0360	Filme atrapalha
C034	Day 6_Y8-3-R	PARCIAL	ok	False	False	6.4465	21.3755	7.3270	0.4634	0.9170	0.3717	13.5760	Filme atrapalha
C066	Day 6_Y8-4-L	PARCIAL	ok	False	False	6.8861	27.8913	6.8215	0.3960	0.8588	0.3921	15.5470	Filme atrapalha
C031	Day 6_Y8-4-R	TRACADA	ok	False	False	8.9398	24.3813	11.6223	0.5366	0.8693	0.4809	31.7520	
C102	Day 7_A8-1-L	PARCIAL	BORDA_PARCIAL	True	False	11.1485	25.0701	25.0701	0.6156	0.6156	0.5660	20.4780	Filme atrapalha
C067	Day 7_A8-1-R	PARCIAL	BORDA_PARCIAL	True	False	18.0876	28.8835	28.8835	0.7702	0.7702	0.6911	53.8860	fotografia ruim
C166	Day 7_A8-3-L	IMAGINADA	BORDA_PARCIAL	True	False	16.3372	19.9461	19.9461	0.8791	0.8791	0.7062	11.4530	Filme atrapalha
C194	Day 7_A8-3-R	PARCIAL	nada	True	False	18.6742	21.2850	21.2850	0.9029	0.9029	0.7406	15.5120	Filme atrapalha
C048	Day 7_A8-4-L	PARCIAL	PELO	False	False	21.3731	28.7941	28.7941	0.7933	0.7933	0.8298	34.5820	Pelagem do animal na ferida
C134	Day 7_A8-4-R	IMAGINADA	nada	True	False	18.2228	29.5629	29.5629	0.7623	0.7623	0.7211	12.4670	Filme atrapalha
C156	Day 7_A8-5-L	IMAGINADA	NAO_TRACAVEL	True	False	12.1512	28.9246	28.9246	0.5916	0.5916	0.5943	12.1970	Filme atrapalha
C056	Day 7_A8-5-R	IMAGINADA	ok	False	False	9.8614	11.7339	12.8930	0.8807	0.8505	0.5167	30.6520	Filme atrapalha dicou aderido na ferida
C030	Day 7_Y8-1-L	PARCIAL	ok	True	False	9.9178	11.1920	11.1192	0.9135	0.9143	0.5198	16.8700	Filme atrapalha
C148	Day 7_Y8-2-L	IMAGINADA	ok	True	False	10.1106	27.8749	16.6840	0.5323	0.7523	0.5273	11.4690	Filme atrapalha
C068	Day 7_Y8-2-R	TRACADA	ok	False	False	2.3005	3.1939	3.0975	0.8374	0.8524	0.1506	12.2510	
C011	Day 7_Y8-3-L	IMAGINADA	nada	False	False	8.8199	13.1457	13.1457	0.7971	0.7971	0.4760	22.2180	Filme atrapalha
C037	Day 7_Y8-3-R	TRACADA	nada	False	False	4.6774	4.9783	4.9783	0.9355	0.9355	0.2842	18.2530	
C033	Day 7_Y8-4-L	TRACADA	nada	False	False	2.5379	6.5264	6.5264	0.5600	0.5600	0.1649	21.1820	
C121	Day 8_A8-1-L	PARCIAL	nada	True	False	8.9962	17.8278	17.8278	0.6707	0.6707	0.4832	16.4250	Filme atrapalha
C038	Day 8_A8-1-R	PARCIAL	BORDA_PARCIAL	True	False	13.7805	26.2797	26.2797	0.6880	0.6880	0.6540	21.3230	Filme atrapalha
C026	Day 8_A8-3-L	IMAGINADA	NAO_TRACAVEL	True	False	13.7441	27.9619	27.9619	0.6591	0.6591	0.6425	33.3110	Filme atrapalha
C114	Day 8_A8-3-R	PARCIAL	ok	True	False	17.7196	24.3436	24.0909	0.8362	0.8412	0.7663	17.9610	Filme atrapalha
C095	Day 8_A8-4-L	PARCIAL	ok	True	False	22.2042	24.6375	23.1023	0.8543	0.8441	0.8308	35.6350	pelagem e foto ruim
C160	Day 8_A8-4-R	PARCIAL	nada	True	False	10.3151	28.2863	28.2863	0.5344	0.5344	0.5351	12.4210	Filme atrapalha
C111	Day 8_A8-5-L	IMAGINADA	ok	True	False	13.3714	25.4004	19.8379	0.6885	0.7896	0.6246	16.3900	Filme atrapalha
C182	Day 8_A8-5-R	PARCIAL	ok	False	False	5.0347	5.8975	4.9254	0.8540	0.8668	0.2882	33.7390	Filme atrapalha ficou junto a ferida, ou algum tipo de crosta
C028	Day 8_Y8-1-L	IMAGINADA	ok	True	False	7.4339	16.3325	14.0133	0.6256	0.6932	0.4168	17.5410	Filme atrapalha
C146	Day 8_Y8-2-L	IMAGINADA	ok	False	False	5.9869	24.4083	12.1125	0.3939	0.6616	0.3498	15.6660	Filme atrapalha
C195	Day 8_Y8-2-R	TRACADA	nada	False	False	0.8052	0.8616	0.8616	0.8858	0.8858	0.0554	27.1000	
C074	Day 8_Y8-3-L	IMAGINADA	NAO_TRACAVEL	True	False	7.2741	29.7545	29.7545	0.3929	0.3929	0.4096	10.0730	Filme atrapalha
C147	Day 8_Y8-3-R	IMAGINADA	ok	True	False	2.8765	28.0230	24.8891	0.1862	0.2068	0.1849	12.9510	Filme atrapalha
C177	Day 8_Y8-4-L	TRACADA	ok	False	False	2.1065	24.3072	5.4885	0.1546	0.5547	0.1388	9.4860	
C018	Day 9_A8-1-L	PARCIAL	ok	True	False	7.7278	26.9721	6.7274	0.4445	0.9056	0.4297	20.3600	Filme atrapalha
C042	Day 9_A8-1-R	PARCIAL	ok	True	False	12.0678	27.8878	16.8439	0.6041	0.8348	0.5596	45.6660	Filme atrapalha e foto desregulada
C001	Day 9_A8-3-L	PARCIAL	NAO_TRACAVEL	True	False	12.8906	29.3572	29.3572	0.6075	0.6075	0.6268	55.0790	Filme atrapalha
C115	Day 9_A8-3-R	IMAGINADA	NAO_TRACAVEL	True	False	18.1087	27.8349	27.8349	0.7719	0.7719	0.7701	22.1880	Filme atrapalha
C141	Day 9_A8-4-L	PARCIAL	BORDA_PARCIAL	True	False	13.9016	28.3192	28.3192	0.4481	0.4481	0.6597	32.1260	Filme atrapalha, pelagem do animal tbm
C110	Day 9_A8-4-R	IMAGINADA	nada	True	False	9.2513	22.5851	22.5851	0.5812	0.5812	0.4935	14.0770	Filme atrapalha
C047	Day 9_A8-5-L	IMAGINADA	NAO_TRACAVEL	True	False	12.9800	25.4098	25.4098	0.2327	0.2327	0.5684	39.4370	n consegui enxergar a lesao 
C196	Day 9_A8-5-R	PARCIAL	PELO	True	False	4.9983	4.7150	4.7150	0.7615	0.7615	0.2774	29.6710	pelagem sobre a foto
C143	Day 9_Y8-1-L	TRACADA	ok	False	False	4.9054	24.1121	3.1151	0.3381	0.7765	0.2960	25.4930	
C133	Day 9_Y8-2-L	IMAGINADA	ok	False	False	5.7953	20.5526	8.6776	0.4399	0.8008	0.3405	64.2790	Plástico ficou na borda ou é parte de crosta. não sei identificar.
C092	Day 9_Y8-3-L	TRACADA	ok	False	False	4.3729	5.8329	5.8058	0.8171	0.8190	0.2682	11.6120	
C136	Day 9_Y8-3-R	TRACADA	ok	False	False	1.7503	2.5944	3.0152	0.8047	0.7346	0.1167	9.4590	
C113	Day 9_Y8-4-L	TRACADA	ok	False	False	1.4741	3.2327	3.0434	0.6264	0.6521	0.0992	14.8400	
