# nome	diametro_px	treino	x1	y1	x2	y2	zoom	fator_reducao	quando_iso
Day 0_A8-1-L.tiff	370.482	S	1613.843	3025.434	1613.843	2654.952	4	0.166000	2026-10-02T12:53:05-03:00
Day 0_A8-1-R.tiff	371.988	S	691.265	1244.904	691.265	872.916	3	0.221333	2026-10-02T12:53:36-03:00
Day 0_A8-3-L.tiff	379.518	S	1663.319	1276.205	1663.319	896.687	4	0.221333	2026-10-02T12:54:01-03:00
Day 0_A8-3-R.tiff	376.506	S	1326.807	1258.892	1326.807	882.386	3	0.221333	2026-10-02T12:54:22-03:00
Day 0_A8-4-L.tiff	371.988	S	1614.458	1331.940	1614.458	959.952	3	0.221333	2026-10-02T12:55:23-03:00
Day 0_A8-4-R.tiff	367.470	N	-	948.241	1629.313	948.241	1261.843	3	0.221333	2026-10-02T13:16:28-03:00
Day 0_A8-5-L.tiff	387.825	N	-	1482.337	1365.217	1520.927	979.317	3	0.221333	2026-10-02T13:17:03-03:00
Day 0_A8-5-R.tiff	391.358	N	-	911.521	1903.593	856.175	1516.169	4	0.221333	2026-10-02T13:17:27-03:00
Day 0_Y8-1-L.tiff	373.494	N	-	932.133	1810.952	932.133	1437.458	3	0.221333	2026-10-02T13:18:21-03:00
Day 0_Y8-1-R.tiff	378.012	N	-	1158.578	1812.108	1158.578	1434.096	3	0.221333	2026-10-02T13:18:35-03:00
Day 0_Y8-2-L.tiff	353.916	N	-	1147.590	1460.602	1147.590	1106.687	3	0.221333	2026-10-02T13:19:03-03:00
Day 0_Y8-2-R.tiff	378.012	N	-	1134.036	1797.072	1134.036	1419.060	3	0.221333	2026-10-02T13:19:19-03:00
Day 0_Y8-3-L.tiff	355.422	N	-	2723.157	1896.193	2723.157	1540.771	3	0.221333	2026-10-02T13:20:27-03:00
Day 0_Y8-3-R.tiff	367.470	N	-	2649.747	2306.554	2649.747	1939.084	3	0.221333	2026-10-02T13:20:59-03:00
Day 0_Y8-4-L.tiff	370.482	N	-	2039.831	1613.590	2039.831	1243.108	3	0.221333	2026-10-02T13:21:18-03:00
Day 0_Y8-4-R.tiff	358.057	N	-	1126.964	1481.548	1126.964	1123.491	4	0.221333	2026-10-02T13:21:44-03:00
Day 10_A8-1-L.tiff	378.689	N	-	1620.515	2320.205	1573.544	1944.440	4	0.221333	2026-10-02T13:22:04-03:00
Day 10_A8-1-R.tiff	377.187	N	-	1662.651	2399.096	1543.373	2041.265	2	0.221333	2026-10-02T13:22:49-03:00
Day 10_A8-3-L.tiff	391.566	N	-	1695.434	2632.530	1695.434	2240.964	3	0.221333	2026-10-02T13:23:10-03:00
Day 10_A8-3-R.tiff	374.354	N	-	1531.627	1926.205	1470.083	1556.944	2	0.221333	2026-10-02T13:23:27-03:00
Day 10_A8-4-L.tiff	380.939	N	-	1732.681	1839.669	1690.613	1461.060	2	0.221333	2026-10-02T13:23:50-03:00
Day 10_A8-4-R.tiff	376.506	N	-	1633.410	2244.566	1633.410	1868.060	3	0.221333	2026-10-02T13:24:08-03:00
Day 10_A8-5-L.tiff	379.518	N	-	1531.554	2006.747	1531.554	1627.229	3	0.221333	2026-10-02T13:24:34-03:00
Day 10_A8-5-R.tiff	384.036	N	-	1456.723	2309.976	1456.723	1925.940	3	0.221333	2026-10-02T13:24:51-03:00
Day 10_Y8-1-L.tiff	371.988	N	-	1634.651	2153.843	1634.651	1781.855	3	0.221333	2026-10-02T13:25:06-03:00
Day 10_Y8-1-R.tiff	SEM_BURACO	N	-					1	0.221333	2026-10-02T13:26:06-03:00
Day 10_Y8-2-L.tiff	363.705	N	-	1384.789	2026.355	1384.789	1662.651	2	0.221333	2026-10-02T13:26:23-03:00
Day 10_Y8-2-R.tiff	377.259	N	-	1052.711	2399.096	1052.711	2021.837	2	0.221333	2026-10-02T13:26:39-03:00
Day 10_Y8-3-L.tiff	384.036	N	-	1487.783	2023.542	1487.783	1639.506	2	0.221333	2026-10-02T13:27:00-03:00
Day 10_Y8-3-R.tiff	SEM_BURACO	N	-					1	0.221333	2026-10-02T13:27:03-03:00
Day 10_Y8-4-L.tiff	367.470	N	-	2596.386	2168.675	2596.386	1801.205	1.5	0.221333	2026-10-02T13:27:19-03:00
Day 10_Y8-4-R.tiff	SEM_BURACO	N	-					1	0.221333	2026-10-02T13:27:21-03:00
Day 11_A8-1-L.tiff	377.259	N	-	1705.572	2189.006	1705.572	1811.747	2	0.221333	2026-10-02T13:27:45-03:00
Day 11_A8-1-R.tiff	379.518	N	-	1407.380	2301.958	1407.380	1922.440	2	0.221333	2026-10-02T13:27:58-03:00
Day 11_A8-3-L.tiff	379.518	N	-	1425.452	1500.398	1425.452	1120.880	2	0.221333	2026-10-02T13:28:13-03:00
Day 11_A8-3-R.tiff	386.295	N	-	1296.687	2179.970	1296.687	1793.675	2	0.221333	2026-10-02T13:28:30-03:00
Day 11_A8-4-L.tiff	381.777	N	-	1594.880	1464.886	1594.880	1083.108	2	0.221333	2026-10-02T13:28:46-03:00
Day 11_A8-4-R.tiff	379.518	N	-	783.886	1773.843	783.886	1394.325	2	0.221333	2026-10-02T13:29:26-03:00
Day 11_A8-5-L.tiff	352.410	N	e	1415.663	2012.048	1415.663	1659.639	1.5	0.221333	2026-10-02T13:30:08-03:00
Day 11_A8-5-R.tiff	SEM_BURACO	N	-					1	0.221333	2026-10-02T13:30:11-03:00
Day 11_Y8-1-L.tiff	SEM_BURACO	N	-					1	0.221333	2026-10-02T13:30:13-03:00
Day 11_Y8-1-R.tiff	SEM_BURACO	N	-					1	0.221333	2026-10-02T13:30:14-03:00
Day 11_Y8-2-L.tiff	377.259	N	-	2385.542	2396.837	2385.542	2019.578	2	0.221333	2026-10-02T13:30:48-03:00
Day 11_Y8-2-R.tiff	380.823	N	-	1696.536	2570.783	1662.058	2191.524	2	0.221333	2026-10-02T13:31:04-03:00
Day 11_Y8-3-L.tiff	SEM_BURACO	N	-					1	0.221333	2026-10-02T13:31:08-03:00
Day 11_Y8-3-R.tiff	SEM_BURACO	N	-					1	0.221333	2026-10-02T13:31:10-03:00
Day 11_Y8-4-L.tiff	SEM_BURACO	N	-					1	0.221333	2026-10-02T13:31:11-03:00
Day 11_Y8-4-R.tiff	SEM_BURACO	N	-					1	0.221333	2026-10-02T13:31:12-03:00
Day 12_A8-1-L.tiff	373.054	N	e	1725.578	2383.895	1786.908	2015.916	4	0.221333	2026-10-02T13:31:37-03:00
Day 12_A8-1-R.tiff	371.988	N	-	1564.084	2289.880	1564.084	1917.892	3	0.221333	2026-10-02T13:31:59-03:00
Day 12_A8-3-L.tiff	384.010	N	-	1493.223	1947.030	1438.916	1566.880	2	0.221333	2026-10-02T13:32:23-03:00
Day 12_A8-3-R.tiff	379.518	N	-	1436.747	2121.235	1436.747	1741.717	2	0.221333	2026-10-02T13:32:35-03:00
Day 12_A8-4-L.tiff	387.587	N	-	1093.373	2560.241	1125.561	2173.993	3	0.221333	2026-10-02T13:33:00-03:00
Day 12_A8-4-R.tiff	378.455	N	-	1115.964	2477.410	1069.022	2101.877	3	0.221333	2026-10-02T13:33:25-03:00
Day 12_A8-5-L.tiff	371.611	N	-	1337.283	2242.623	1337.283	1871.012	4	0.221333	2026-10-02T13:33:43-03:00
Day 12_A8-5-R.tiff	SEM_BURACO	N	-					1	0.221333	2026-10-02T13:33:48-03:00
Day 12_Y8-1-L.tiff	SEM_BURACO	N	-					1	0.221333	2026-10-02T13:33:50-03:00
Day 12_Y8-1-R.tiff	SEM_BURACO	N	-					1	0.221333	2026-10-02T13:33:51-03:00
Day 12_Y8-2-L.tiff	378.155	N	-	1642.277	1830.663	1538.390	1467.057	3	0.221333	2026-10-02T13:34:17-03:00
Day 12_Y8-2-R.tiff	368.976	N	-	1099.398	2219.614	1099.398	1850.639	3	0.221333	2026-10-02T13:34:32-03:00
Day 12_Y8-3-L.tiff	SEM_BURACO	N	-					1	0.221333	2026-10-02T13:34:34-03:00
Day 12_Y8-3-R.tiff	SEM_BURACO	N	-					1	0.221333	2026-10-02T13:34:36-03:00
Day 12_Y8-4-L.tiff	SEM_BURACO	N	-					1	0.221333	2026-10-02T13:34:37-03:00
Day 12_Y8-4-R.tiff	SEM_BURACO	N	-					1	0.221333	2026-10-02T13:34:38-03:00
Day 13_A8-1-L.tiff	365.964	N	e	1560.994	2024.096	1560.994	1658.133	2	0.221333	2026-10-02T13:35:08-03:00
Day 13_A8-1-R.tiff	380.190	N	-	1664.910	1977.970	1706.895	1600.105	2	0.221333	2026-10-02T13:35:27-03:00
Day 13_A8-3-L.tiff	380.230	N	-	1963.102	2089.608	2010.264	1712.315	2	0.221333	2026-10-02T13:35:45-03:00
Day 13_A8-3-R.tiff	379.925	N	-	1850.151	2417.169	1787.691	2042.413	2	0.221333	2026-10-02T13:36:00-03:00
Day 13_A8-4-L.tiff	379.518	N	-	2263.554	2378.765	2263.554	1999.247	2	0.221333	2026-10-02T13:36:23-03:00
Day 13_A8-4-R.tiff	381.777	N	-	1682.982	2564.006	1682.982	2182.229	2	0.221333	2026-10-02T13:36:43-03:00
Day 13_A8-5-L.tiff	384.036	N	e	2066.819	2037.566	2066.819	1653.530	3	0.221333	2026-10-02T13:37:49-03:00
Day 13_A8-5-R.tiff	SEM_BURACO	N	-					1	0.221333	2026-10-02T13:37:51-03:00
Day 13_Y8-1-L.tiff	SEM_BURACO	N	-					1	0.221333	2026-10-02T13:37:52-03:00
Day 13_Y8-1-R.tiff	SEM_BURACO	N	-					1	0.221333	2026-10-02T13:37:53-03:00
Day 13_Y8-2-L.tiff	375.000	N	-	1850.151	1774.163	1850.151	1399.163	2	0.221333	2026-10-02T13:38:11-03:00
Day 13_Y8-2-R.tiff	379.518	N	-	1875.000	1919.373	1875.000	1539.855	2	0.221333	2026-10-02T13:38:28-03:00
Day 13_Y8-3-L.tiff	SEM_BURACO	N	-					1	0.221333	2026-10-02T13:38:30-03:00
Day 13_Y8-3-R.tiff	SEM_BURACO	N	-					1	0.221333	2026-10-02T13:38:31-03:00
Day 13_Y8-4-L.tiff	SEM_BURACO	N	-					1	0.221333	2026-10-02T13:38:32-03:00
Day 13_Y8-4-R.tiff	SEM_BURACO	N	-					1	0.221333	2026-10-02T13:38:33-03:00
Day 14_A8-1-L.tiff	SEM_BURACO	N	-					1	0.221333	2026-10-02T13:38:34-03:00
Day 14_A8-1-R.tiff	380.389	N	e	1686.916	1814.145	1740.711	1437.578	3	0.221333	2026-10-02T13:39:24-03:00
Day 14_A8-3-L.tiff	377.328	N	-	1926.958	1577.789	1823.298	1214.979	2	0.221333	2026-10-02T13:39:40-03:00
Day 14_A8-3-R.tiff	376.947	N	-	1798.193	2082.831	1756.566	1708.189	2	0.221333	2026-10-02T13:40:08-03:00
Day 14_A8-4-L.tiff	384.036	N	-	1820.783	1816.723	1820.783	1432.687	2	0.221333	2026-10-02T13:40:20-03:00
Day 14_A8-4-R.tiff	379.518	N	-	1694.018	1931.048	1694.018	1551.530	2	0.221333	2026-10-02T13:41:06-03:00
Day 14_A8-5-L.tiff	352.410	N	e	1759.036	1787.446	1759.036	1435.036	1.5	0.221333	2026-10-02T13:41:27-03:00
Day 14_A8-5-R.tiff	SEM_BURACO	N	-					1	0.221333	2026-10-02T13:41:29-03:00
Day 14_Y8-1-L.tiff	SEM_BURACO	N	-					1	0.221333	2026-10-02T13:41:31-03:00
Day 14_Y8-1-R.tiff	SEM_BURACO	N	-					1	0.221333	2026-10-02T13:41:32-03:00
Day 14_Y8-2-L.tiff	375.000	N	-	1485.596	2012.283	1485.596	1637.283	2	0.221333	2026-10-02T13:41:57-03:00
Day 14_Y8-2-R.tiff	368.223	N	-	1522.590	2277.108	1522.590	1908.886	2	0.221333	2026-10-02T13:42:07-03:00
