# nome	x1	y1	x2	y2	x3	y3	x4	y4	fator_reducao	quando_iso
# cliques em px da imagem ORIGINAL; fator = lado_tela / lado_original
Day 0_A8-1-L.tiff	1891.566	2903.614	1289.157	2897.590	1572.289	2542.169	1566.265	3144.578	0.166000	2026-10-01T18:12:43-03:00	0
Day 0_A8-1-R.tiff	695.783	1359.940	713.855	763.554	998.494	1039.157	397.590	1003.012	0.221333	2026-10-01T18:13:25-03:00	0
Day 0_A8-3-L.tiff	1649.096	1382.530	1685.241	781.627	1373.494	1093.373	1960.843	1152.108	0.221333	2026-10-01T18:15:36-03:00	0
Day 0_A8-3-R.tiff	1314.759	1359.940	1341.867	763.554	1617.470	1021.084	1025.602	1034.639	0.221333	2026-10-01T18:15:55-03:00	0
Day 0_A8-4-L.tiff	1581.325	1441.265	1563.253	844.880	1870.482	1111.446	1292.169	1246.988	0.221333	2026-10-01T18:17:31-03:00	0
Day 0_A8-4-R.tiff	948.795	1739.458	948.795	1138.554	646.084	1409.639	1228.916	1332.831	0.221333	2026-10-01T18:18:57-03:00	0
Day 0_A8-5-L.tiff	1495.482	1481.928	1418.675	862.952	1174.699	1188.253	1780.120	1174.699	0.221333	2026-10-01T18:20:23-03:00	0
Day 0_A8-5-R.tiff	1197.289	1725.904	596.386	1725.904	921.687	1391.566	917.169	2010.542	0.221333	2026-10-01T18:34:02-03:00	0
Day 0_Y8-1-L.tiff	962.349	1332.831	871.988	1933.735	1224.398	1667.169	637.048	1685.241	0.221333	2026-10-01T18:35:17-03:00	0
Day 0_Y8-1-R.tiff	1174.699	1328.313	1170.181	1924.699	1436.747	1707.831	858.434	1658.133	0.221333	2026-10-01T18:35:59-03:00	0
Day 0_Y8-2-L.tiff	1161.145	1585.843	1152.108	984.940	1441.265	1292.169	844.880	1328.313	0.221333	2026-10-01T18:36:50-03:00	0
Day 0_Y8-2-R.tiff	1125.000	1310.241	1120.482	1920.181	1427.711	1635.542	835.843	1621.988	0.221333	2026-10-01T18:37:26-03:00	0
Day 0_Y8-3-L.tiff	3027.108	1685.241	2435.241	1739.458	2679.217	1409.639	2692.771	1983.434	0.221333	2026-10-01T18:38:04-03:00	0
Day 0_Y8-3-R.tiff	2674.699	1811.747	2656.627	2394.578	2932.229	2137.048	2340.361	2132.530	0.221333	2026-10-01T18:40:00-03:00	0
Day 0_Y8-4-L.tiff	2340.361	1423.193	1739.458	1436.747	2087.349	1743.976	2028.614	1125.000	0.221333	2026-10-01T18:40:44-03:00	0
Day 0_Y8-4-R.tiff	1138.554	1012.048	1097.892	1608.434	1391.566	1283.133	808.735	1328.313	0.221333	2026-10-01T18:41:14-03:00	0
Day 10_A8-1-L.tiff	1879.518	2164.157	1278.614	2200.301	1576.807	1847.892	1594.880	2421.687	0.221333	2026-10-01T18:42:50-03:00	0
Day 10_A8-1-R.tiff									0.221333	2026-10-01T18:44:23-03:00	0
Day 10_A8-3-L.tiff									0.221333	2026-10-01T18:45:39-03:00	0
Day 10_A8-3-R.tiff									0.221333	2026-10-01T18:45:42-03:00	0
Day 10_A8-4-L.tiff									0.221333	2026-10-01T18:45:45-03:00	0
Day 10_A8-4-R.tiff									0.221333	2026-10-01T18:45:48-03:00	0
Day 10_A8-5-L.tiff									0.221333	2026-10-01T18:45:50-03:00	0
Day 10_A8-5-R.tiff									0.221333	2026-10-01T18:45:53-03:00	0
Day 10_Y8-1-L.tiff									0.221333	2026-10-01T18:45:55-03:00	0
Day 10_Y8-1-R.tiff									0.221333	2026-10-01T18:45:57-03:00	0
Day 10_Y8-2-L.tiff	1400.602	1540.663	1373.494	2155.120	1061.747	1843.373	1671.687	1825.301	0.221333	2026-10-01T18:50:21-03:00	0
Day 0_A8-1-L.tiff	1867.470	2981.928	1325.301	2698.795	1746.988	2590.361	1409.639	3084.337	0.166000	2026-10-02T06:08:34-03:00	d
Day 0_A8-1-R.tiff	623.494	1355.422	722.892	759.036	397.590	998.494	989.458	1111.446	0.221333	2026-10-02T06:10:04-03:00	-
Day 0_A8-3-L.tiff	1621.988	1378.012	1676.205	781.627	1373.494	1084.337	1960.843	1012.048	0.221333	2026-10-02T06:11:03-03:00	-
Day 0_A8-3-R.tiff	1305.723	1359.940	1328.313	768.072	1025.602	1061.747	1617.470	1012.048	0.221333	2026-10-02T06:13:07-03:00	d
Day 0_A8-4-L.tiff	1572.289	1441.265	1572.289	844.880	1870.482	1134.036	1269.578	1165.663	0.221333	2026-10-02T06:18:21-03:00	p;d
Day 0_A8-4-R.tiff	646.084	1468.373	1219.880	1319.277	935.241	1739.458	890.060	1147.590	0.221333	2026-10-02T06:20:27-03:00	d
Day 0_A8-5-L.tiff	1707.831	1378.012	1274.096	944.277	1712.349	971.386	1215.361	1319.277	0.221333	2026-10-02T06:22:04-03:00	-
Day 0_A8-5-R.tiff	1039.157	1974.398	731.928	1445.783	641.566	1865.964	1111.446	1463.855	0.221333	2026-10-02T06:22:54-03:00	p;d
Day 0_Y8-1-L.tiff	881.024	1933.735	966.867	1332.831	1215.361	1716.867	655.120	1518.072	0.221333	2026-10-02T06:24:02-03:00	p;d
Day 0_Y8-1-R.tiff	1129.518	1924.699	1138.554	1328.313	1436.747	1707.831	858.434	1576.807	0.221333	2026-10-02T06:25:15-03:00	p;d
Day 0_Y8-2-L.tiff	1156.627	1585.843	1134.036	989.458	1436.747	1283.133	844.880	1215.361	0.221333	2026-10-02T06:27:07-03:00	p;d
Day 0_Y8-2-R.tiff	1174.699	1915.663	1061.747	1319.277	1427.711	1617.470	840.361	1603.916	0.221333	2026-10-02T06:28:33-03:00	p;d
Day 0_Y8-3-L.tiff	2625.000	1969.880	2837.349	1418.675	2439.759	1667.169	3027.108	1680.723	0.221333	2026-10-02T06:31:35-03:00	p;d
Day 0_Y8-3-R.tiff	2936.747	2100.904	2340.361	2123.494	2665.663	1811.747	2615.964	2403.614	0.221333	2026-10-02T06:32:40-03:00	p;d
Day 0_Y8-4-L.tiff	2335.843	1382.530	1739.458	1441.265	2028.614	1125.000	2100.904	1739.458	0.221333	2026-10-02T06:34:48-03:00	p
Day 0_Y8-4-R.tiff	1260.542	1563.253	975.904	1043.675	1387.048	1224.398	817.771	1378.012	0.221333	2026-10-02T06:35:55-03:00	p
Day 10_A8-1-L.tiff	1554.217	2421.687	1680.723	1816.265	1879.518	2177.711	1278.614	2150.602	0.221333	2026-10-02T06:37:21-03:00	p;d
Day 10_A8-1-R.tiff	1382.530	2358.434	1897.590	2028.614	1382.530	2055.723	1920.181	2331.325	0.221333	2026-10-02T06:39:09-03:00	p
Day 10_A8-3-L.tiff	1698.795	2733.434	1680.723	2128.012	2006.024	2466.867	1368.976	2367.470	0.221333	2026-10-02T06:44:38-03:00	p
Day 10_A8-3-R.tiff	1789.157	1707.831	1237.952	1766.566	1536.145	1454.819	1518.072	2046.687	0.221333	2026-10-02T06:45:37-03:00	p
Day 10_A8-4-L.tiff	1671.687	1951.807	1739.458	1359.940	1378.012	1671.687	1987.952	1617.470	0.221333	2026-10-02T06:46:57-03:00	p;d
Day 10_A8-4-R.tiff	1685.241	2349.398	1490.964	1762.048	1319.277	2191.265	1825.301	1865.964	0.221333	2026-10-02T06:48:37-03:00	p
Day 10_A8-5-L.tiff	1513.554	2128.012	1463.855	1527.108	1834.337	1879.518	1224.398	1753.012	0.221333	2026-10-02T06:50:54-03:00	p;d
Day 10_A8-5-R.tiff	1477.410	1807.229	1427.711	2412.651	1757.530	2159.639	1237.952	1929.217	0.221333	2026-10-02T06:53:25-03:00	p;f
Day 10_Y8-1-L.tiff	1951.807	2024.096	1382.530	1825.301	1495.482	2245.482	1766.566	1716.867	0.221333	2026-10-02T06:56:07-03:00	p;f
Day 10_Y8-1-R.tiff									0.221333	2026-10-02T07:08:28-03:00	-
Day 10_Y8-2-L.tiff	1341.867	2155.120	1391.566	1540.663	1662.651	1924.699	1061.747	1852.410	0.221333	2026-10-02T07:09:55-03:00	p;d
Day 10_Y8-2-R.tiff	1120.482	2512.048	966.867	1924.699	1355.422	2213.855	754.518	2240.964	0.221333	2026-10-02T07:10:58-03:00	p;d
Day 10_Y8-3-L.tiff	1378.012	2141.566	1649.096	1576.807	1206.325	1743.976	1780.120	1947.289	0.221333	2026-10-02T07:13:14-03:00	p
Day 10_Y8-3-R.tiff									0.221333	2026-10-02T07:18:15-03:00	d
Day 10_Y8-4-L.tiff	2611.446	2290.663	2611.446	1676.205	2313.253	1978.916	2914.157	1996.988	0.221333	2026-10-02T07:19:19-03:00	-
Day 10_Y8-4-R.tiff									0.221333	2026-10-02T07:20:04-03:00	p
Day 11_A8-1-L.tiff	1644.578	2295.181	1734.940	1685.241	1987.952	2001.506	1378.012	2051.205	0.221333	2026-10-02T07:22:31-03:00	d
Day 11_A8-1-R.tiff	1423.193	2417.169	1337.349	1793.675	1721.386	2105.422	1102.410	2046.687	0.221333	2026-10-02T07:23:32-03:00	d
Day 11_A8-3-L.tiff	1450.301	1612.952	1427.711	989.458	1703.313	1165.663	1143.072	1382.530	0.221333	2026-10-02T07:24:34-03:00	p;d
Day 11_A8-3-R.tiff	1301.205	2281.627	1283.133	1676.205	1599.398	1969.880	984.940	1960.843	0.221333	2026-10-02T07:25:34-03:00	p;d
Day 11_A8-4-L.tiff	1581.325	1567.771	1621.988	966.867	1897.590	1260.542	1305.723	1274.096	0.221333	2026-10-02T07:31:43-03:00	p;d
Day 11_A8-4-R.tiff	754.518	1884.036	777.108	1274.096	1097.892	1626.506	492.470	1536.145	0.221333	2026-10-02T07:32:43-03:00	p
Day 11_A8-5-L.tiff	1694.277	1870.482	1097.892	1942.771	1436.747	2150.602	1441.265	1558.735	0.221333	2026-10-02T10:14:01-03:00	-
Day 11_A8-5-R.tiff									0.221333	2026-10-02T10:29:30-03:00	-
Day 11_Y8-1-L.tiff									0.221333	2026-10-02T10:31:18-03:00	-
Day 11_Y8-1-R.tiff									0.221333	2026-10-02T10:32:15-03:00	-
Day 11_Y8-2-L.tiff	2322.289	2521.084	2286.145	1902.108	2638.554	2177.711	2024.096	2236.446	0.221333	2026-10-02T10:33:32-03:00	p;d
Day 11_Y8-2-R.tiff	1716.867	2688.253	1680.723	2078.313	1987.952	2344.880	1378.012	2412.651	0.221333	2026-10-02T10:34:17-03:00	p;d
Day 11_Y8-3-L.tiff									0.221333	2026-10-02T10:34:28-03:00	-
Day 11_Y8-3-R.tiff									0.221333	2026-10-02T10:34:29-03:00	-
Day 11_Y8-4-L.tiff									0.221333	2026-10-02T10:34:31-03:00	-
Day 11_Y8-4-R.tiff									0.221333	2026-10-02T10:34:33-03:00	-
Day 12_A8-1-L.tiff	1915.663	1933.735	1490.964	2376.506	2015.060	2213.855	1409.639	2155.120	0.221333	2026-10-02T10:35:58-03:00	p;d
Day 12_A8-1-R.tiff	1554.217	2399.096	1576.807	1780.120	1893.072	2087.349	1283.133	2123.494	0.221333	2026-10-02T10:36:32-03:00	p
Day 12_A8-3-L.tiff	1490.964	2055.723	1459.337	1436.747	1192.771	1838.855	1725.904	1576.807	0.221333	2026-10-02T10:37:09-03:00	p;d
Day 12_A8-3-R.tiff	1721.386	1834.337	1120.482	1960.843	1518.072	2218.373	1328.313	1649.096	0.221333	2026-10-02T10:37:48-03:00	d
Day 12_A8-4-L.tiff	1075.301	2665.663	1088.855	2064.759	813.253	2412.651	1378.012	2263.554	0.221333	2026-10-02T10:40:29-03:00	p;d
Day 12_A8-4-R.tiff	1373.494	2457.831	858.434	2096.386	903.614	2498.494	1355.422	2087.349	0.221333	2026-10-02T10:41:22-03:00	p
Day 12_A8-5-L.tiff	1052.711	2096.386	1667.169	2069.277	1423.193	1798.193	1287.651	2371.988	0.221333	2026-10-02T10:42:14-03:00	-
Day 12_A8-5-R.tiff									0.221333	2026-10-02T10:42:36-03:00	p
Day 12_Y8-1-L.tiff									0.221333	2026-10-02T10:42:42-03:00	-
Day 12_Y8-1-R.tiff									0.221333	2026-10-02T10:42:44-03:00	-
Day 12_Y8-2-L.tiff	1626.506	1951.807	1626.506	1332.831	1933.735	1612.952	1328.313	1612.952	0.221333	2026-10-02T10:43:53-03:00	p
Day 12_Y8-2-R.tiff	1391.566	2006.024	777.108	2060.241	1061.747	1725.904	1088.855	2331.325	0.221333	2026-10-02T10:45:00-03:00	p;d
Day 12_Y8-3-L.tiff									0.221333	2026-10-02T10:45:12-03:00	p
Day 12_Y8-3-R.tiff									0.221333	2026-10-02T10:45:14-03:00	-
Day 12_Y8-4-L.tiff									0.221333	2026-10-02T10:45:16-03:00	-
Day 12_Y8-4-R.tiff									0.221333	2026-10-02T10:45:18-03:00	-
Day 13_A8-1-L.tiff	1287.651	2019.578	1707.831	1585.843	1671.687	2087.349	1445.783	1545.181	0.221333	2026-10-02T10:46:29-03:00	p;d
Day 13_A8-1-R.tiff	1689.759	2087.349	1649.096	1463.855	1983.434	1743.976	1364.458	1798.193	0.221333	2026-10-02T10:46:53-03:00	d
Day 13_A8-3-L.tiff	1969.880	2195.783	1983.434	1581.325	1676.205	1875.000	2277.108	1915.663	0.221333	2026-10-02T10:47:47-03:00	p;d
Day 13_A8-3-R.tiff	1834.337	2530.120	1807.229	1920.181	2146.084	2231.928	1554.217	2177.711	0.221333	2026-10-02T10:48:30-03:00	p;d
Day 13_A8-4-L.tiff	2218.373	2484.940	2222.892	1884.036	2530.120	2159.639	1933.735	2213.855	0.221333	2026-10-02T10:48:58-03:00	p;d
Day 13_A8-4-R.tiff	1644.578	2060.241	1685.241	2679.217	1992.470	2385.542	1382.530	2304.217	0.221333	2026-10-02T10:49:34-03:00	-
Day 13_A8-5-L.tiff	2349.398	1978.916	1748.494	1780.120	2259.036	1667.169	1789.157	2033.133	0.221333	2026-10-02T11:07:08-03:00	p
Day 13_A8-5-R.tiff									0.221333	2026-10-02T11:07:20-03:00	-
Day 13_Y8-1-L.tiff									0.221333	2026-10-02T11:07:26-03:00	p
Day 13_Y8-1-R.tiff									0.221333	2026-10-02T11:07:31-03:00	p
Day 13_Y8-2-L.tiff	1807.229	1902.108	1825.301	1283.133	2150.602	1631.024	1536.145	1549.699	0.221333	2026-10-02T11:08:50-03:00	p;d
Day 13_Y8-2-R.tiff	1644.578	1947.289	2060.241	1500.000	2091.867	1947.289	1635.542	1540.663	0.221333	2026-10-02T11:09:38-03:00	p;d
Day 13_Y8-3-L.tiff									0.221333	2026-10-02T11:09:48-03:00	-
Day 13_Y8-3-R.tiff									0.221333	2026-10-02T11:09:50-03:00	-
Day 13_Y8-4-L.tiff									0.221333	2026-10-02T11:09:51-03:00	-
Day 13_Y8-4-R.tiff									0.221333	2026-10-02T11:09:52-03:00	-
Day 14_A8-1-L.tiff									0.221333	2026-10-02T11:09:57-03:00	p
Day 14_A8-1-R.tiff	1640.060	1920.181	1766.566	1319.277	1965.361	1748.494	1432.229	1472.892	0.221333	2026-10-02T11:10:48-03:00	p
Day 14_A8-3-L.tiff	1956.325	1676.205	1897.590	1075.301	2209.337	1310.241	1603.916	1391.566	0.221333	2026-10-02T11:11:36-03:00	d
Day 14_A8-3-R.tiff	1897.590	2195.783	1734.940	1599.398	2078.313	1893.072	1477.410	1911.145	0.221333	2026-10-02T11:13:56-03:00	p;d
Day 14_A8-4-L.tiff	1716.867	1906.627	1902.108	1341.867	2064.759	1793.675	1572.289	1454.819	0.221333	2026-10-02T11:14:46-03:00	p;d
Day 14_A8-4-R.tiff	1843.373	2006.024	1495.482	1504.518	1969.880	1635.542	1409.639	1825.301	0.221333	2026-10-02T11:15:49-03:00	p
Day 14_A8-5-L.tiff	2015.060	1762.048	1463.855	1463.855	1938.253	1414.157	1500.000	1811.747	0.221333	2026-10-02T11:32:54-03:00	p
Day 14_A8-5-R.tiff									0.221333	2026-10-02T11:33:04-03:00	-
Day 14_Y8-1-L.tiff									0.221333	2026-10-02T11:33:06-03:00	-
Day 14_Y8-1-R.tiff									0.221333	2026-10-02T11:33:07-03:00	-
Day 14_Y8-2-L.tiff	1662.651	2069.277	1301.205	1581.325	1730.422	1640.060	1233.434	2001.506	0.221333	2026-10-02T11:34:06-03:00	p;d
Day 14_Y8-2-R.tiff	1771.084	2268.072	1310.241	1888.554	1730.422	1870.482	1328.313	2335.843	0.221333	2026-10-02T11:42:57-03:00	-
Day 14_Y8-3-L.tiff									0.221333	2026-10-02T14:04:28-03:00	-
Day 14_Y8-3-R.tiff									0.221333	2026-10-02T14:04:30-03:00	-
Day 14_Y8-4-L.tiff									0.221333	2026-10-02T14:04:31-03:00	-
Day 14_Y8-4-R.tiff									0.221333	2026-10-02T14:04:32-03:00	-
Day 15_A8-1-L.tiff									0.221333	2026-10-02T14:05:40-03:00	-
Day 15_A8-1-R.tiff	1865.964	1739.458	1246.988	1798.193	1513.554	1450.301	1572.289	2073.795	0.221333	2026-10-02T14:06:33-03:00	-
Day 15_A8-3-L.tiff	2155.120	1748.494	2159.639	2362.952	2453.313	2082.831	1834.337	2042.169	0.221333	2026-10-02T14:07:45-03:00	p;d
Day 15_A8-3-R.tiff	2213.855	2037.651	1590.361	2051.205	1875.000	1721.386	1911.145	2331.325	0.221333	2026-10-02T14:08:27-03:00	p;d
Day 15_A8-4-L.tiff									0.221333	2026-10-02T14:08:30-03:00	-
Day 15_A8-4-R.tiff									0.221333	2026-10-02T14:08:32-03:00	-
Day 15_A8-5-L.tiff									0.221333	2026-10-02T14:09:39-03:00	-
Day 15_A8-5-R.tiff									0.221333	2026-10-02T14:09:42-03:00	-
Day 15_Y8-1-L.tiff									0.221333	2026-10-02T14:09:44-03:00	-
Day 15_Y8-1-R.tiff									0.221333	2026-10-02T14:09:45-03:00	-
Day 15_Y8-2-L.tiff									0.221333	2026-10-02T14:09:46-03:00	-
Day 15_Y8-2-R.tiff									0.221333	2026-10-02T14:09:47-03:00	-
Day 15_Y8-3-L.tiff									0.221333	2026-10-02T14:09:48-03:00	-
Day 15_Y8-3-R.tiff									0.221333	2026-10-02T14:09:49-03:00	-
Day 15_Y8-4-L.tiff									0.221333	2026-10-02T14:09:49-03:00	-
Day 15_Y8-4-R.tiff									0.221333	2026-10-02T14:09:50-03:00	-
Day 1_A8-1-L.tiff	2765.060	2218.373	2778.614	1603.916	2448.795	1865.964	3067.771	1861.446	0.221333	2026-10-02T14:10:37-03:00	p
Day 1_A8-1-R.tiff	2719.880	2227.410	2688.253	1612.952	3040.663	1834.337	2448.795	1978.916	0.221333	2026-10-02T14:11:33-03:00	p
Day 1_A8-3-L.tiff	2954.819	2209.337	2783.133	1608.434	3180.723	1875.000	2539.157	1983.434	0.221333	2026-10-02T14:13:10-03:00	p
Day 1_A8-3-R.tiff	2503.012	2046.687	2719.880	1481.928	2954.819	1802.711	2304.217	1716.867	0.221333	2026-10-02T14:14:35-03:00	p
Day 1_A8-4-L.tiff									0.221333	2026-10-02T14:14:43-03:00	p
Day 1_A8-4-R.tiff	2620.482	1929.217	2625.000	1323.795	2932.229	1644.578	2331.325	1676.205	0.221333	2026-10-02T14:16:19-03:00	p
Day 1_A8-5-L.tiff	2932.229	2281.627	3045.181	1662.651	3325.301	2042.169	2701.807	1947.289	0.221333	2026-10-02T14:16:49-03:00	p
Day 1_A8-5-R.tiff	2878.012	2227.410	3239.458	1716.867	3275.602	2173.193	2801.205	1766.566	0.221333	2026-10-02T14:17:27-03:00	p
Day 1_Y8-1-L.tiff	2724.398	2611.446	2728.916	2037.651	3045.181	2344.880	2439.759	2344.880	0.221333	2026-10-02T14:18:07-03:00	p
Day 1_Y8-1-R.tiff	2371.988	2019.578	2647.590	2566.265	2733.434	2168.675	2186.747	2403.614	0.221333	2026-10-02T14:18:44-03:00	p
Day 1_Y8-2-L.tiff	2918.675	2096.386	2882.530	1500.000	3234.940	1838.855	2606.928	1847.892	0.221333	2026-10-02T14:19:35-03:00	p;d
Day 1_Y8-2-R.tiff	2850.904	2146.084	2819.277	1531.627	3131.024	1902.108	2561.747	1725.904	0.221333	2026-10-02T14:20:03-03:00	p;d
Day 1_Y8-3-L.tiff	2832.831	2643.072	2819.277	2082.831	3135.542	2295.181	2557.229	2421.687	0.221333	2026-10-02T14:20:48-03:00	p;d
Day 1_Y8-3-R.tiff	2575.301	2358.434	2566.265	1771.084	2864.458	2024.096	2268.072	2042.169	0.221333	2026-10-02T14:21:32-03:00	p;d
Day 1_Y8-4-L.tiff	3085.843	2453.313	3063.253	1875.000	2787.651	2168.675	3411.145	2168.675	0.221333	2026-10-02T14:22:30-03:00	p
Day 1_Y8-4-R.tiff	2557.229	2426.205	2557.229	1834.337	2850.904	2132.530	2245.482	2168.675	0.221333	2026-10-02T14:23:10-03:00	p
Day 2_A8-1-L.tiff	1361.446	2933.735	1403.614	2319.277	1668.675	2674.699	1042.169	2644.578	0.166000	2026-10-02T14:23:43-03:00	p
Day 2_A8-1-R.tiff	1310.241	1228.916	1256.024	632.530	1012.048	1025.602	1567.771	795.181	0.221333	2026-10-02T14:24:38-03:00	p
Day 2_A8-3-L.tiff	1477.410	1807.229	1450.301	1170.181	1793.675	1490.964	1165.663	1536.145	0.221333	2026-10-02T14:25:30-03:00	p
Day 2_A8-3-R.tiff	935.241	1274.096	1527.108	1106.928	1134.036	903.614	1287.651	1495.482	0.221333	2026-10-02T14:26:22-03:00	p
Day 2_A8-4-L.tiff	1454.819	1527.108	1378.012	912.651	1730.422	1197.289	1152.108	1323.795	0.221333	2026-10-02T14:26:45-03:00	p;d
Day 2_A8-4-R.tiff	1671.687	1436.747	1653.614	826.807	1373.494	1206.325	1978.916	1066.265	0.221333	2026-10-02T14:27:15-03:00	p
Day 2_A8-5-L.tiff	921.687	1748.494	912.651	1143.072	1274.096	1459.337	664.157	1504.518	0.221333	2026-10-02T14:28:01-03:00	p;d
Day 2_A8-5-R.tiff	1048.193	930.723	1513.554	1319.277	1545.181	944.277	1025.602	1260.542	0.221333	2026-10-02T14:29:45-03:00	-
Day 2_Y8-1-L.tiff	1219.880	1671.687	1296.687	1070.783	1608.434	1445.783	984.940	1364.458	0.221333	2026-10-02T14:30:31-03:00	p
Day 2_Y8-1-R.tiff	844.880	1391.566	1355.422	1070.783	966.867	975.904	1219.880	1531.627	0.221333	2026-10-02T14:31:07-03:00	-
Day 2_Y8-2-L.tiff	1599.398	808.735	1689.759	1396.084	1992.470	1097.892	1378.012	1143.072	0.221333	2026-10-02T14:32:06-03:00	p
Day 2_Y8-2-R.tiff	1183.735	912.651	1703.313	1219.880	1540.663	795.181	1305.723	1332.831	0.221333	2026-10-02T14:33:05-03:00	p
Day 2_Y8-3-L.tiff	1206.325	1396.084	1170.181	804.217	1509.036	1156.627	926.205	1007.530	0.221333	2026-10-02T14:33:39-03:00	p;d
Day 2_Y8-3-R.tiff	1671.687	953.313	1161.145	1265.060	1599.398	1387.048	1228.916	921.687	0.221333	2026-10-02T14:35:16-03:00	p;d
Day 2_Y8-4-L.tiff	1292.169	1644.578	1246.988	1057.229	993.976	1400.602	1558.735	1210.843	0.221333	2026-10-02T14:35:45-03:00	p
Day 2_Y8-4-R.tiff	1156.627	1409.639	1183.735	813.253	1459.337	1161.145	867.470	1102.410	0.221333	2026-10-02T14:36:19-03:00	p
Day 3_A8-1-L.tiff	975.904	3060.241	1030.120	2457.831	674.699	2819.277	1228.916	2590.361	0.166000	2026-10-02T15:00:40-03:00	-
Day 3_A8-1-R.tiff	917.169	2055.723	876.506	1445.783	641.566	1649.096	1219.880	1911.145	0.221333	2026-10-02T15:02:12-03:00	-
Day 3_A8-3-L.tiff	1513.554	1820.783	1450.301	1206.325	1802.711	1554.217	1192.771	1554.217	0.221333	2026-10-02T15:02:55-03:00	p
Day 3_A8-3-R.tiff	1192.771	1825.301	1784.639	1712.349	1454.819	1445.783	1518.072	2024.096	0.221333	2026-10-02T15:03:42-03:00	p
Day 3_A8-4-L.tiff	1518.072	1784.639	1554.217	1179.217	1219.880	1500.000	1829.819	1481.928	0.221333	2026-10-02T15:04:26-03:00	p
Day 3_A8-4-R.tiff	1165.663	1594.880	1183.735	989.458	899.096	1414.157	1468.373	1147.590	0.221333	2026-10-02T15:04:58-03:00	p
Day 3_A8-5-L.tiff	1337.349	1960.843	1364.458	1341.867	1667.169	1707.831	1048.193	1658.133	0.221333	2026-10-02T15:05:36-03:00	p
Day 3_A8-5-R.tiff	1807.229	1337.349	1780.120	1924.699	2114.458	1676.205	1490.964	1698.795	0.221333	2026-10-02T15:06:24-03:00	p
Day 3_Y8-1-L.tiff	1644.578	1757.530	1472.892	1174.699	1875.000	1405.120	1265.060	1536.145	0.221333	2026-10-02T15:07:08-03:00	p
Day 3_Y8-1-R.tiff	1621.988	1608.434	2123.494	1265.060	2042.169	1725.904	1784.639	1152.108	0.221333	2026-10-02T15:07:59-03:00	p
Day 3_Y8-2-L.tiff	1888.554	1174.699	1653.614	1743.976	1472.892	1305.723	2033.133	1608.434	0.221333	2026-10-02T15:08:53-03:00	p;d
Day 3_Y8-2-R.tiff	1743.976	1870.482	1698.795	1269.578	1441.265	1536.145	2042.169	1450.301	0.221333	2026-10-02T15:09:47-03:00	p
Day 3_Y8-3-L.tiff	1283.133	1716.867	1364.458	1115.964	1653.614	1427.711	1048.193	1373.494	0.221333	2026-10-02T15:10:39-03:00	p
Day 3_Y8-3-R.tiff	1743.976	1608.434	1378.012	1120.482	1242.470	1323.795	1834.337	1274.096	0.221333	2026-10-02T15:11:59-03:00	p;d
Day 3_Y8-4-L.tiff	1581.325	1911.145	1391.566	1337.349	1183.735	1753.012	1730.422	1490.964	0.221333	2026-10-02T15:12:36-03:00	p
Day 3_Y8-4-R.tiff	1052.711	1816.265	1152.108	1219.880	1400.602	1581.325	804.217	1518.072	0.221333	2026-10-02T15:13:15-03:00	p
Day 4_A8-1-L.tiff	1111.446	2073.795	1048.193	1472.892	786.145	1825.301	1400.602	1734.940	0.221333	2026-10-02T15:13:43-03:00	p;d
Day 4_A8-1-R.tiff	1897.590	2033.133	1414.157	1631.024	1924.699	1680.723	1382.530	1938.253	0.221333	2026-10-02T15:14:17-03:00	p
Day 4_A8-3-L.tiff	1798.193	1816.265	1183.735	1825.301	1676.205	2078.313	1373.494	1549.699	0.221333	2026-10-02T15:14:57-03:00	p;d
Day 4_A8-3-R.tiff	1825.301	3174.699	2030.120	2590.361	2204.819	2969.880	1620.482	2771.084	0.166000	2026-10-02T16:14:10-03:00	p
Day 4_A8-4-L.tiff	1373.494	2001.506	1875.000	1635.542	1852.410	1965.361	1373.494	1585.843	0.221333	2026-10-02T16:15:34-03:00	p;d
Day 4_A8-4-R.tiff	1310.241	2114.458	1260.542	1500.000	1003.012	1834.337	1621.988	1838.855	0.221333	2026-10-02T16:16:13-03:00	p
Day 4_A8-5-L.tiff	2001.506	1567.771	1649.096	2073.795	2155.120	1780.120	1545.181	1829.819	0.221333	2026-10-02T16:18:09-03:00	p;d
Day 4_A8-5-R.tiff	1504.518	1915.663	2060.241	1621.988	1933.735	2078.313	1612.952	1549.699	0.221333	2026-10-02T16:18:50-03:00	-
Day 4_Y8-1-L.tiff	1490.964	2683.735	1513.554	2055.723	1789.157	2381.024	1174.699	2385.542	0.221333	2026-10-02T16:19:48-03:00	p;d
Day 4_Y8-1-R.tiff	1603.916	2457.831	1039.157	2173.193	1337.349	2634.036	1228.916	2024.096	0.221333	2026-10-02T16:20:32-03:00	p;d
Day 4_Y8-2-L.tiff	1789.157	1924.699	1423.193	1450.301	1834.337	1477.410	1409.639	1884.036	0.221333	2026-10-02T16:21:39-03:00	-
Day 4_Y8-2-R.tiff	1563.253	2530.120	1567.771	1906.627	1888.554	2222.892	1278.614	2200.301	0.221333	2026-10-02T16:22:34-03:00	d
Day 4_Y8-3-L.tiff	1540.663	2218.373	1079.819	1771.084	1527.108	1771.084	1066.265	2182.229	0.221333	2026-10-02T16:23:49-03:00	p;d
Day 4_Y8-3-R.tiff	1265.060	2344.880	1481.928	1793.675	1603.916	2204.819	1106.928	1856.928	0.221333	2026-10-02T16:24:36-03:00	p;d
Day 4_Y8-4-L.tiff	1509.036	1554.217	1843.373	1043.675	1861.446	1500.000	1490.964	1039.157	0.221333	2026-10-02T16:25:42-03:00	p;d
Day 4_Y8-4-R.tiff	1775.602	1802.711	1436.747	1296.687	1743.976	1269.578	1373.494	1757.530	0.221333	2026-10-02T16:26:47-03:00	-
Day 5_A8-1-L.tiff	1325.301	2560.241	1481.928	1945.783	1644.578	2367.470	1114.458	2042.169	0.166000	2026-10-02T16:27:18-03:00	p;d
Day 5_A8-1-R.tiff	1739.458	1269.578	1161.145	1102.410	1391.566	1531.627	1472.892	917.169	0.221333	2026-10-02T16:28:14-03:00	p
Day 5_A8-3-L.tiff	1454.819	2132.530	1102.410	1631.024	1608.434	1865.964	993.976	1861.446	0.221333	2026-10-02T16:28:55-03:00	p
Day 5_A8-3-R.tiff	1753.012	2141.566	1161.145	2055.723	1378.012	2390.060	1567.771	1802.711	0.221333	2026-10-02T16:29:49-03:00	p;d
Day 5_A8-4-L.tiff	1070.783	1712.349	1025.602	1102.410	1378.012	1396.084	763.554	1400.602	0.221333	2026-10-02T16:30:58-03:00	d
Day 5_A8-4-R.tiff	921.687	1134.036	899.096	528.614	1237.952	822.289	632.530	813.253	0.221333	2026-10-02T16:32:21-03:00	p
Day 5_A8-5-L.tiff	2182.229	1676.205	1757.530	1237.952	2222.892	1391.566	1658.133	1554.217	0.221333	2026-10-02T16:33:01-03:00	p;d
Day 5_A8-5-R.tiff	2263.554	2186.747	2042.169	1621.988	2471.386	1969.880	1870.482	1798.193	0.221333	2026-10-02T16:34:55-03:00	-
Day 5_Y8-1-L.tiff	1865.964	2493.976	1879.518	1875.000	2177.711	2195.783	1576.807	2150.602	0.221333	2026-10-02T16:36:22-03:00	p;d
Day 5_Y8-1-R.tiff	2186.747	2444.277	1703.313	2819.277	2209.337	2787.651	1689.759	2448.795	0.221333	2026-10-02T16:37:01-03:00	p;d
Day 5_Y8-2-L.tiff	1911.145	1816.265	2015.060	2417.169	2277.108	2137.048	1667.169	2069.277	0.221333	2026-10-02T16:37:59-03:00	d
Day 5_Y8-2-R.tiff	1463.855	2593.373	1969.880	2272.590	1784.639	2728.916	1707.831	2128.012	0.221333	2026-10-02T16:39:09-03:00	d
Day 5_Y8-3-L.tiff	1409.639	2435.241	1246.988	1852.410	1658.133	2109.940	1025.602	2141.566	0.221333	2026-10-02T16:39:54-03:00	p
Day 5_Y8-3-R.tiff	1138.554	2575.301	1070.783	2019.578	1414.157	2322.289	817.771	2268.072	0.221333	2026-10-02T16:41:04-03:00	p
Day 5_Y8-4-L.tiff	2141.566	2069.277	1585.843	1852.410	2051.205	1753.012	1689.759	2231.928	0.221333	2026-10-02T16:41:54-03:00	p;d
Day 5_Y8-4-R.tiff	1978.916	2412.651	1468.373	2082.831	1441.265	2462.349	1843.373	2078.313	0.221333	2026-10-02T16:49:19-03:00	-
Day 6_A8-1-L.tiff	2331.325	2512.048	2361.446	1891.566	2632.530	2114.458	2018.072	2234.940	0.166000	2026-10-02T16:50:08-03:00	p;d
Day 6_A8-1-R.tiff	1549.699	2200.301	1554.217	1549.699	1834.337	1906.627	1242.470	1847.892	0.221333	2026-10-02T16:51:04-03:00	p
Day 6_A8-3-L.tiff	2484.940	2100.904	2010.542	2480.422	2530.120	2399.096	1978.916	2164.157	0.221333	2026-10-02T16:51:41-03:00	p;d
Day 6_A8-3-R.tiff	2480.422	2195.783	1875.000	2227.410	2141.566	1884.036	2204.819	2475.904	0.221333	2026-10-02T16:52:45-03:00	p
Day 6_A8-4-L.tiff	1852.410	2109.940	1816.265	1490.964	2137.048	1852.410	1536.145	1775.602	0.221333	2026-10-02T16:53:22-03:00	p;d
Day 6_A8-4-R.tiff	1554.217	2250.000	1612.952	1631.024	1893.072	2042.169	1292.169	1888.554	0.221333	2026-10-02T16:53:57-03:00	p
Day 6_A8-5-L.tiff	2060.241	2313.253	1680.723	1829.819	2155.120	1956.325	1585.843	2173.193	0.221333	2026-10-02T16:54:48-03:00	p;d
Day 6_A8-5-R.tiff	2087.349	1798.193	2557.229	1432.229	2512.048	1875.000	2146.084	1382.530	0.221333	2026-10-02T16:55:39-03:00	d
Day 6_Y8-1-L.tiff	1987.952	1671.687	1716.867	2236.446	2100.904	2159.639	1694.277	1707.831	0.221333	2026-10-02T16:56:16-03:00	p;d
Day 6_Y8-1-R.tiff	1784.639	2150.602	1269.578	1811.747	1843.373	1911.145	1246.988	2042.169	0.221333	2026-10-02T16:56:53-03:00	p;d
Day 6_Y8-2-L.tiff	1721.386	2259.036	2082.831	1757.530	2159.639	2137.048	1594.880	1915.663	0.221333	2026-10-02T16:57:44-03:00	d
Day 6_Y8-2-R.tiff	1450.301	1676.205	1540.663	2263.554	1807.229	1924.699	1197.289	1987.952	0.221333	2026-10-02T16:58:41-03:00	d
Day 6_Y8-3-L.tiff	1861.446	1875.000	1387.048	1518.072	1865.964	1504.518	1355.422	1888.554	0.221333	2026-10-02T16:59:19-03:00	p;d
Day 6_Y8-3-R.tiff	1567.771	2597.892	1355.422	2046.687	1798.193	2286.145	1179.217	2376.506	0.221333	2026-10-02T17:00:38-03:00	d
Day 6_Y8-4-L.tiff	1621.988	2123.494	1237.952	1662.651	1707.831	1734.940	1138.554	2015.060	0.221333	2026-10-02T17:01:08-03:00	p
Day 6_Y8-4-R.tiff	1003.012	2317.771	944.277	1721.386	1301.205	2109.940	682.229	1929.217	0.221333	2026-10-02T17:03:45-03:00	p
Day 7_A8-1-L.tiff	1608.434	1477.410	1296.687	930.723	1707.831	1134.036	1106.928	1260.542	0.221333	2026-10-02T17:04:12-03:00	p;d
Day 7_A8-1-R.tiff	1210.843	1599.398	1224.398	998.494	1554.217	1332.831	921.687	1287.651	0.221333	2026-10-02T17:04:33-03:00	p
Day 7_A8-3-L.tiff	1721.386	1902.108	1147.590	1653.614	1432.229	2064.759	1459.337	1454.819	0.221333	2026-10-02T17:05:13-03:00	p;d
Day 7_A8-3-R.tiff	894.578	2394.578	953.313	1798.193	1256.024	2200.301	664.157	2033.133	0.221333	2026-10-02T17:05:35-03:00	p
Day 7_A8-4-L.tiff	1233.434	1030.120	1278.614	1635.542	1554.217	1301.205	939.759	1341.867	0.221333	2026-10-02T17:06:35-03:00	p;d
Day 7_A8-4-R.tiff	885.542	1102.410	605.422	1653.614	1012.048	1527.108	506.024	1201.807	0.221333	2026-10-02T17:07:06-03:00	p
Day 7_A8-5-L.tiff	1951.807	917.169	1450.301	1292.169	1992.470	1161.145	1423.193	948.795	0.221333	2026-10-02T17:07:41-03:00	p;d
Day 7_A8-5-R.tiff	1500.000	2227.410	1477.410	1585.843	1811.747	1933.735	1170.181	1924.699	0.221333	2026-10-02T17:15:52-03:00	d
Day 7_Y8-1-L.tiff	1405.120	2290.663	1350.904	1658.133	1698.795	2006.024	1079.819	2046.687	0.221333	2026-10-02T17:16:39-03:00	p
Day 7_Y8-1-R.tiff									0.221333	2026-10-02T17:17:25-03:00	-
Day 7_Y8-2-L.tiff	1188.253	2358.434	1283.133	1748.494	1540.663	2114.458	921.687	2001.506	0.221333	2026-10-02T17:18:28-03:00	d
Day 7_Y8-2-R.tiff	1427.711	1594.880	1445.783	2209.337	1721.386	1888.554	1106.928	1906.627	0.221333	2026-10-02T17:20:09-03:00	d
Day 7_Y8-3-L.tiff	2123.494	2186.747	1518.072	2100.904	1843.373	1852.410	1829.819	2471.386	0.221333	2026-10-02T17:20:49-03:00	d
Day 7_Y8-3-R.tiff	1888.554	1960.843	1260.542	1956.325	1554.217	1653.614	1590.361	2240.964	0.221333	2026-10-02T17:24:50-03:00	d
Day 7_Y8-4-L.tiff	1793.675	1816.265	1807.229	1219.880	2128.012	1540.663	1513.554	1486.446	0.221333	2026-10-02T17:25:57-03:00	-
Day 7_Y8-4-R.tiff									0.221333	2026-10-02T17:26:00-03:00	-
Day 8_A8-1-L.tiff	1509.036	1856.928	1450.301	1242.470	1820.783	1509.036	1183.735	1590.361	0.221333	2026-10-02T17:26:42-03:00	p;d
Day 8_A8-1-R.tiff	1409.639	2078.313	1346.386	1454.819	1694.277	1753.012	1066.265	1762.048	0.221333	2026-10-02T17:27:16-03:00	p
Day 8_A8-3-L.tiff	1608.434	1671.687	1576.807	1057.229	1902.108	1400.602	1274.096	1368.976	0.221333	2026-10-02T17:27:40-03:00	p
Day 8_A8-3-R.tiff	1558.735	1834.337	1572.289	1265.060	1879.518	1545.181	1274.096	1545.181	0.221333	2026-10-02T17:28:43-03:00	p
Day 8_A8-4-L.tiff	1210.843	1635.542	1206.325	1021.084	1513.554	1323.795	894.578	1346.386	0.221333	2026-10-02T17:29:38-03:00	p;d
Day 8_A8-4-R.tiff	1463.855	2146.084	1382.530	1522.590	1716.867	1793.675	1106.928	1838.855	0.221333	2026-10-02T17:30:02-03:00	p;d
Day 8_A8-5-L.tiff	1631.024	1039.157	1115.964	1368.976	1346.386	975.904	1450.301	1490.964	0.221333	2026-10-02T17:32:46-03:00	-
Day 8_A8-5-R.tiff	1649.096	1594.880	1617.470	980.422	1947.289	1251.506	1341.867	1364.458	0.221333	2026-10-02T17:34:51-03:00	d;f
Day 8_Y8-1-L.tiff	1518.072	2164.157	1518.072	1527.108	1843.373	1852.410	1206.325	1838.855	0.221333	2026-10-02T17:35:31-03:00	p
Day 8_Y8-1-R.tiff									0.221333	2026-10-02T17:35:37-03:00	-
Day 8_Y8-2-L.tiff	1626.506	1558.735	1626.506	939.759	1942.771	1256.024	1319.277	1246.988	0.221333	2026-10-02T17:36:29-03:00	d;f
Day 8_Y8-2-R.tiff	1825.301	2141.566	1825.301	1518.072	2146.084	1816.265	1536.145	1820.783	0.221333	2026-10-02T17:37:17-03:00	d;f
Day 8_Y8-3-L.tiff	1680.723	1929.217	1626.506	1310.241	1929.217	1599.398	1341.867	1680.723	0.221333	2026-10-02T17:37:49-03:00	p;d
Day 8_Y8-3-R.tiff	1432.229	1834.337	1355.422	1246.988	1707.831	1567.771	1102.410	1490.964	0.221333	2026-10-02T17:38:15-03:00	p;d
Day 8_Y8-4-L.tiff	1671.687	1698.795	1057.229	1721.386	1355.422	1423.193	1373.494	2051.205	0.221333	2026-10-02T17:39:08-03:00	f
Day 8_Y8-4-R.tiff									0.221333	2026-10-02T17:39:10-03:00	-
Day 9_A8-1-L.tiff	1843.373	1698.795	1807.229	1066.265	2118.976	1364.458	1495.482	1364.458	0.221333	2026-10-02T17:39:35-03:00	p;d
Day 9_A8-1-R.tiff	1757.530	1274.096	1775.602	1911.145	2096.386	1567.771	1477.410	1608.434	0.221333	2026-10-02T17:39:58-03:00	p
Day 9_A8-3-L.tiff	1938.253	1418.675	1328.313	1441.265	1608.434	1115.964	1644.578	1725.904	0.221333	2026-10-02T17:40:22-03:00	p
Day 9_A8-3-R.tiff	1450.301	2240.964	1409.639	1635.542	1698.795	1924.699	1097.892	1965.361	0.221333	2026-10-02T17:40:40-03:00	p
Day 9_A8-4-L.tiff	1825.301	1472.892	1816.265	871.988	2132.530	1147.590	1536.145	1161.145	0.221333	2026-10-02T17:41:16-03:00	p;d;f
Day 9_A8-4-R.tiff	1793.675	1513.554	1174.699	1518.072	1481.928	1192.771	1490.964	1807.229	0.221333	2026-10-02T17:41:33-03:00	p
Day 9_A8-5-L.tiff	2010.542	1847.892	1368.976	1861.446	1680.723	1527.108	1734.940	2137.048	0.221333	2026-10-02T17:41:57-03:00	p;d
Day 9_A8-5-R.tiff	1753.012	1436.747	1762.048	2060.241	2078.313	1884.036	1531.627	1567.771	0.221333	2026-10-02T17:42:24-03:00	p;d;f
Day 9_Y8-1-L.tiff	2024.096	1870.482	1414.157	1897.590	1712.349	1599.398	1743.976	2213.855	0.221333	2026-10-02T17:43:08-03:00	f
Day 9_Y8-1-R.tiff									0.221333	2026-10-02T17:43:10-03:00	-
Day 9_Y8-2-L.tiff	1893.072	1721.386	1856.928	1102.410	2186.747	1391.566	1563.253	1427.711	0.221333	2026-10-02T17:43:48-03:00	d;f
Day 9_Y8-3-L.tiff	1414.157	1902.108	1391.566	1274.096	1739.458	1612.952	1111.446	1635.542	0.221333	2026-10-02T17:44:29-03:00	d;f
Day 9_Y8-3-R.tiff	1368.976	2164.157	1301.205	1581.325	1667.169	1915.663	1061.747	1884.036	0.221333	2026-10-02T17:45:22-03:00	d;f
Day 9_Y8-4-L.tiff	1893.072	1170.181	1956.325	1780.120	2254.518	1486.446	1644.578	1504.518	0.221333	2026-10-02T17:47:52-03:00	-
Day 9_Y8-4-R.tiff									0.221333	2026-10-02T17:47:54-03:00	-
Day 0_A8-1-L.tiff	1578.313	3144.578	1584.337	2542.169	1885.542	2855.422	1289.157	2885.542	0.166000	2026-10-02T19:55:34-03:00	-
Day 0_A8-1-R.tiff	628.012	1355.422	641.566	768.072	998.494	1070.783	397.590	1120.482	0.221333	2026-10-02T19:56:25-03:00	-
Day 0_A8-3-L.tiff	1658.133	1382.530	1667.169	777.108	1969.880	1093.373	1378.012	1120.482	0.221333	2026-10-02T19:57:04-03:00	-
Day 0_A8-3-R.tiff	1319.277	1359.940	1323.795	772.590	1621.988	1048.193	1025.602	1052.711	0.221333	2026-10-02T19:57:32-03:00	-
Day 10_A8-1-L.tiff	1631.024	2417.169	1599.398	1820.783	1879.518	2132.530	1283.133	2191.265	0.221333	2026-10-02T19:58:07-03:00	-
Day 1_A8-4-L.tiff	2846.386	1996.988	2864.458	1414.157	3149.096	1743.976	2543.675	1766.566	0.221333	2026-10-02T19:58:56-03:00	-
