nome	obtida	area_mm2	dice_nulo	px_mask	f_buraco	f_coroa	f_fora	zona	f_campo	f_faixa	estado_campo	r_borda_mm	faixa_mm
Day 0_A8-1-L.tiff	S	20.4268	0.0000	17377	0.0000	0.0000	1.0000	fora	0.0000	0.0000	ok	4.466	0.534
Day 0_A8-1-R.tiff	S	28.2757	0.0000	24054	0.0180	0.6317	0.3503	coroa	0.0000	0.0180	ok	4.500	0.500
Day 0_A8-3-L.tiff	S	32.1749	0.0000	27371	0.0835	0.5111	0.4054	coroa	0.0000	0.0826	ok	4.500	0.500
Day 0_A8-3-R.tiff	S	198.1922	0.2494	168601	0.3965	0.5917	0.0118	coroa	0.2796	0.0757	ok	4.500	0.500
Day 0_A8-4-L.tiff	S	33.2481	0.0000	28284	0.0035	0.9905	0.0060	coroa	0.0000	0.0035	ok	4.500	0.500
Day 0_A8-4-R.tiff	S	26.1210	0.0000	22221	0.0000	0.0000	1.0000	fora	0.0000	0.0000	ok	4.500	0.500
Day 0_A8-5-L.tiff	S	28.8494	0.0000	24542	0.0000	0.0461	0.9539	fora	0.0000	0.0000	ok	4.500	0.500
Day 0_A8-5-R.tiff	S	193.6806	0.2545	164763	0.4057	0.5711	0.0231	coroa	0.2861	0.0816	ok	4.500	0.500
Day 0_Y8-1-L.tiff	S	30.2353	0.0000	25721	0.0000	0.0000	1.0000	fora	0.0000	0.0000	ok	4.500	0.500
Day 0_Y8-1-R.tiff	S	200.8970	0.2465	170902	0.3912	0.5782	0.0306	coroa	0.2759	0.0744	ok	4.500	0.500
Day 0_Y8-2-L.tiff	S	191.7998	0.2567	163163	0.4097	0.5585	0.0318	coroa	0.2888	0.0780	ok	4.500	0.500
Day 0_Y8-2-R.tiff	S	31.2921	0.0000	26620	0.0000	0.0355	0.9645	fora	0.0000	0.0000	ok	4.500	0.500
Day 0_Y8-3-L.tiff	S	178.4142	0.2733	151776	0.4405	0.5508	0.0087	coroa	0.3106	0.0988	ok	4.500	0.500
Day 0_Y8-3-R.tiff	S	35.3182	0.0000	30045	0.0000	0.0000	1.0000	fora	0.0000	0.0000	ok	4.500	0.500
Day 0_Y8-4-L.tiff	S	201.5212	0.2458	171433	0.3900	0.5689	0.0412	coroa	0.2750	0.0743	ok	4.500	0.500
Day 0_Y8-4-R.tiff	S	197.7631	0.2499	168236	0.3974	0.5792	0.0234	coroa	0.2802	0.0757	ok	4.500	0.500
Day 10_A8-1-L.tiff	S	25.8636	0.0000	22002	0.0000	0.0000	1.0000	fora	0.0000	0.0000	ok	4.500	0.500
Day 10_A8-1-R.tiff	S	34.7798	0.0000	29587	0.0057	0.9893	0.0050	coroa	0.0000	0.0057	ok	4.500	0.500
Day 10_A8-3-L.tiff	S	30.1659	0.0000	25662	0.0131	0.9869	0.0000	coroa	0.0000	0.0131	ok	4.500	0.500
Day 10_A8-3-R.tiff	S	46.0224	0.0000	39151	0.0081	0.9913	0.0006	coroa	0.0000	0.0081	ok	4.500	0.500
Day 10_A8-4-L.tiff	S	28.4003	0.0000	24160	0.0000	0.0000	1.0000	fora	0.0000	0.0000	ok	4.500	0.500
Day 10_A8-4-R.tiff	S	26.6041	0.0000	22632	0.0000	0.0000	1.0000	fora	0.0000	0.0000	ok	4.500	0.500
Day 10_A8-5-L.tiff	S	13.8416	0.0000	11775	0.0821	0.6441	0.2738	coroa	0.0000	0.0639	ok	4.500	0.500
Day 10_A8-5-R.tiff	S	17.0849	0.3082	14534	0.9116	0.0884	0.0000	buraco	0.9286	0.0000	ok	4.500	0.500
Day 10_Y8-1-L.tiff	S	6.3207	0.0000	5377	0.0000	0.0000	1.0000	fora	0.0000	0.0000	ok	4.500	0.500
Day 10_Y8-2-L.tiff	S	28.9599	0.3174	24636	0.6056	0.1764	0.2180	buraco	0.5663	0.0025	ok	4.500	0.500
Day 10_Y8-2-R.tiff	S	27.4517	0.0000	23353	0.0000	0.0000	1.0000	fora	0.0000	0.0000	ok	4.500	0.500
Day 10_Y8-3-L.tiff	S	192.9588	0.2553	164149	0.4073	0.5775	0.0152	coroa	0.2872	0.0776	ok	4.500	0.500
Day 10_Y8-4-L.tiff	S	190.7007	0.2580	162228	0.4121	0.5846	0.0033	coroa	0.2906	0.0787	ok	4.500	0.500
Day 11_A8-1-L.tiff	S	28.4944	0.0000	24240	0.0293	0.9707	0.0000	coroa	0.0000	0.0293	ok	4.500	0.500
Day 11_A8-1-R.tiff	S	24.2578	0.0000	20636	0.0000	0.9763	0.0237	coroa	0.0000	0.0000	ok	4.500	0.500
Day 11_A8-3-L.tiff	S	30.4939	0.0000	25941	0.1140	0.8860	0.0000	coroa	0.0000	0.1140	ok	4.500	0.500
Day 11_A8-3-R.tiff	S	21.2626	0.0000	18088	0.0000	0.0045	0.9955	fora	0.0000	0.0000	ok	4.500	0.500
Day 11_A8-4-L.tiff	S	32.1526	0.0000	27352	0.0000	0.0000	1.0000	fora	0.0000	0.0000	ok	4.500	0.500
Day 11_A8-4-R.tiff	S	30.6032	0.0000	26034	0.0000	0.8754	0.1246	coroa	0.0000	0.0000	ok	4.500	0.500
Day 11_A8-5-L.tiff	S	30.0754	0.0000	25585	0.1432	0.6084	0.2484	coroa	0.0180	0.1044	ok	4.500	0.500
Day 11_Y8-2-L.tiff	S	14.6692	0.0000	12479	0.0000	0.0000	1.0000	fora	0.0000	0.0000	ok	4.500	0.500
Day 11_Y8-2-R.tiff	S	188.7858	0.2602	160599	0.4163	0.5834	0.0004	coroa	0.2935	0.0795	ok	4.500	0.500
Day 12_A8-1-L.tiff	S	32.3230	0.0000	27497	0.0000	0.9824	0.0176	coroa	0.0000	0.0000	ok	3.609	1.391
Day 12_A8-1-R.tiff	S	29.9638	0.0000	25490	0.0000	0.0000	1.0000	fora			NAO_DA		
Day 12_A8-3-L.tiff	S	27.2718	0.0000	23200	0.0000	0.0000	1.0000	fora	0.0000	0.0000	ok	4.500	0.500
Day 12_A8-3-R.tiff	S	27.3189	0.0000	23240	0.0000	0.0006	0.9994	fora	0.0000	0.0000	ok	4.500	0.500
Day 12_A8-4-L.tiff	S	195.6131	0.2523	166407	0.4017	0.5506	0.0477	coroa	0.2834	0.0849	ok	4.500	0.500
Day 12_A8-4-R.tiff	S	191.0792	0.2575	162550	0.4113	0.5855	0.0032	coroa	0.2531	0.1177	ok	4.226	0.774
Day 12_A8-5-L.tiff	S	28.9575	0.0000	24634	0.0000	0.0000	1.0000	fora	0.0000	0.0000	ok	4.500	0.500
Day 12_Y8-2-L.tiff	S	28.0042	0.0000	23823	0.0008	0.9623	0.0369	coroa	0.0000	0.0008	ok	4.191	0.809
Day 12_Y8-2-R.tiff	S	31.8363	0.0000	27083	0.0000	0.0000	1.0000	fora	0.0000	0.0000	ok	4.500	0.500
Day 13_A8-1-L.tiff	S	19.9872	0.0000	17003	0.0000	0.0000	1.0000	fora	0.0000	0.0000	ok	3.403	1.597
Day 13_A8-1-R.tiff	S	28.9998	0.0101	24670	0.1809	0.2311	0.5880	fora	0.0658	0.1000	ok	4.260	0.740
Day 13_A8-3-L.tiff	S	190.4526	0.2583	162017	0.4126	0.5859	0.0014	coroa	0.2723	0.0986	ok	4.363	0.637
Day 13_A8-3-R.tiff	S	32.4088	0.0000	27570	0.0000	0.1349	0.8651	fora	0.0000	0.0000	ok	4.020	0.980
Day 13_A8-4-L.tiff	S	27.1131	0.0000	23065	0.0085	0.9915	0.0000	coroa	0.0000	0.0085	ok	4.123	0.877
Day 13_A8-4-R.tiff	S	192.4851	0.2559	163746	0.4083	0.5831	0.0086	coroa	0.2512	0.1168	ok	4.226	0.774
Day 13_A8-5-L.tiff	S	26.6759	0.0000	22693	0.0006	0.9994	0.0000	coroa	0.0000	0.0006	ok	4.089	0.911
Day 13_Y8-2-L.tiff	S	27.7608	0.0000	23616	0.0000	0.0000	1.0000	fora	0.0000	0.0000	ok	4.294	0.706
Day 13_Y8-2-R.tiff	S	30.9477	0.0000	26327	0.0000	0.0000	1.0000	fora	0.0000	0.0000	ok	4.500	0.500
Day 14_A8-1-R.tiff	S	205.7319	0.2414	175015	0.3820	0.5858	0.0322	coroa	0.2394	0.1049	ok	4.260	0.740
Day 14_A8-3-L.tiff	S	29.0668	0.0000	24727	0.0000	0.0000	1.0000	fora	0.0000	0.0000	ok	4.500	0.500
Day 14_A8-3-R.tiff	S	189.7320	0.2591	161404	0.4142	0.5751	0.0107	coroa	0.2920	0.0789	ok	4.500	0.500
Day 14_A8-4-L.tiff	S	29.6957	0.0000	25262	0.0000	0.9998	0.0002	coroa	0.0000	0.0000	ok	4.294	0.706
Day 14_A8-4-R.tiff	S	200.5491	0.2469	170606	0.3919	0.5882	0.0199	coroa	0.2413	0.1121	ok	4.226	0.774
Day 14_A8-5-L.tiff	S	26.8052	0.0000	22803	0.0430	0.8461	0.1110	coroa	0.0000	0.0430	ok	4.089	0.911
Day 14_Y8-2-L.tiff	S	28.0477	0.0000	23860	0.0317	0.9683	0.0000	coroa	0.0000	0.0317	ok	4.123	0.877
Day 14_Y8-2-R.tiff	S	27.1320	0.0000	23081	0.0000	0.0000	1.0000	fora	0.0000	0.0000	ok	4.500	0.500
Day 15_A8-1-R.tiff	S	190.1047	0.2587	161721	0.4134	0.5866	0.0000	coroa	0.2774	0.0940	ok	4.397	0.603
Day 15_A8-3-L.tiff	S	20.8888	0.0000	17770	0.0000	0.0000	1.0000	fora	0.0000	0.0000	ok	4.397	0.603
Day 15_A8-3-R.tiff	S	26.1986	0.0000	22287	0.0000	0.0463	0.9537	fora	0.0000	0.0000	ok	4.226	0.774
Day 1_A8-1-L.tiff	S	31.6988	0.0000	26966	0.3053	0.6947	0.0000	coroa	0.0000	0.3053	ok	3.917	1.083
Day 1_A8-1-R.tiff	S	27.6080	0.0000	23486	0.0000	0.9897	0.0103	coroa			NAO_DA		
Day 1_A8-3-L.tiff	S	32.4852	0.0000	27635	0.0000	0.0976	0.9024	fora	0.0000	0.0000	ok	4.089	0.911
Day 1_A8-3-R.tiff	S	191.0909	0.2575	162560	0.4112	0.5809	0.0079	coroa	0.2069	0.1677	ok	3.849	1.151
Day 1_A8-4-L.tiff	S	194.0967	0.2540	165117	0.4049	0.5657	0.0295	coroa	0.2494	0.1158	ok	4.226	0.774
Day 1_A8-4-R.tiff	S	31.9457	0.0000	27176	0.0000	0.0857	0.9143	fora	0.0000	0.0000	ok	4.089	0.911
Day 1_A8-5-L.tiff	S	199.4559	0.2481	169676	0.3940	0.5590	0.0470	coroa	0.2599	0.0942	ok	4.363	0.637
Day 1_A8-5-R.tiff	S	27.6315	0.0000	23506	0.0000	0.0000	1.0000	fora	0.0000	0.0000	ok	4.329	0.671
Day 1_Y8-1-L.tiff	S	26.5748	0.0000	22607	0.0000	0.0000	1.0000	fora	0.0000	0.0000	ok	4.191	0.809
Day 1_Y8-1-R.tiff	S	186.8238	0.2626	158930	0.4206	0.5518	0.0276	coroa	0.2592	0.1203	ok	4.226	0.774
Day 1_Y8-2-L.tiff	S	20.9593	0.0000	17830	0.0000	0.0201	0.9799	fora	0.0000	0.0000	ok	4.191	0.809
Day 1_Y8-2-R.tiff	S	210.9183	0.2362	179427	0.3726	0.5727	0.0547	coroa	0.2376	0.0979	ok	4.294	0.706
Day 1_Y8-3-L.tiff	S	189.5310	0.2594	161233	0.4146	0.5770	0.0084	coroa	0.2555	0.1187	ok	4.226	0.774
Day 1_Y8-3-R.tiff	S	183.4266	0.2668	156040	0.4284	0.5602	0.0113	coroa	0.2780	0.1075	ok	4.329	0.671
Day 1_Y8-4-L.tiff	S	22.9072	0.0000	19487	0.0000	0.0000	1.0000	fora	0.0000	0.0000	ok	4.260	0.740
Day 1_Y8-4-R.tiff	S	31.8011	0.0000	27053	0.0929	0.8754	0.0316	coroa	0.0000	0.0929	ok	4.123	0.877
Day 2_A8-1-L.tiff	S	7.1659	0.0000	6096	0.0000	0.0000	1.0000	fora	0.0000	0.0000	ok	4.157	0.843
Day 2_A8-1-R.tiff	S	20.4974	0.7553	17437	1.0000	0.0000	0.0000	buraco	1.0000	0.0000	ok	4.020	0.980
Day 2_A8-3-L.tiff	S	25.9129	0.8385	22044	1.0000	0.0000	0.0000	buraco	1.0000	0.0000	ok	4.191	0.809
Day 2_A8-3-R.tiff	S	35.4228	0.0000	30134	0.0646	0.9354	0.0000	coroa	0.0000	0.0646	ok	4.089	0.911
Day 2_A8-4-L.tiff	S	27.6762	0.0000	23544	0.0000	0.0000	1.0000	fora	0.0000	0.0000	ok	4.294	0.706
Day 2_A8-4-R.tiff	S	28.5214	0.0000	24263	0.0000	0.0000	1.0000	fora	0.0000	0.0000	ok	4.226	0.774
Day 2_A8-5-L.tiff	S	28.4897	0.0000	24236	0.0188	0.9812	0.0000	coroa	0.0000	0.0188	ok	4.363	0.637
Day 2_A8-5-R.tiff	S	42.0539	0.0000	35775	0.0048	0.9754	0.0198	coroa	0.0000	0.0048	ok	4.294	0.706
Day 2_Y8-1-L.tiff	S	31.2886	0.0000	26617	0.0000	0.0000	1.0000	fora	0.0000	0.0000	ok	4.157	0.843
Day 2_Y8-1-R.tiff	S	30.3987	0.0000	25860	0.0000	0.0000	1.0000	fora	0.0000	0.0000	ok	4.260	0.740
Day 2_Y8-2-L.tiff	S	206.7699	0.2403	175898	0.3801	0.5541	0.0658	coroa	0.2342	0.1088	ok	4.226	0.774
Day 2_Y8-2-R.tiff	S	34.5729	0.0000	29411	0.0119	0.9881	0.0000	coroa	0.0000	0.0119	ok	4.260	0.740
Day 2_Y8-3-L.tiff	S	192.4157	0.2560	163687	0.4084	0.5838	0.0078	coroa	0.2695	0.0976	ok	4.363	0.637
Day 2_Y8-3-R.tiff	S	27.4200	0.0000	23326	0.0000	0.0730	0.9270	fora	0.0000	0.0000	ok	4.329	0.671
Day 2_Y8-4-L.tiff	S	27.0273	0.0000	22992	0.0000	0.0000	1.0000	fora	0.0000	0.0000	ok	4.363	0.637
Day 2_Y8-4-R.tiff	S	25.4439	0.0000	21645	0.0563	0.9437	0.0000	coroa	0.0000	0.0563	ok	4.397	0.603
Day 3_A8-1-L.tiff	S	28.0324	0.0000	23847	0.0000	0.0000	1.0000	fora	0.0000	0.0000	ok	4.500	0.500
Day 3_A8-1-R.tiff	S	27.5422	0.0000	23430	0.0000	0.0889	0.9111	fora			NAO_DA		
Day 3_A8-3-L.tiff	S	23.3727	0.0000	19883	0.0381	0.9619	0.0000	coroa	0.0000	0.0381	ok	4.260	0.740
Day 3_A8-3-R.tiff	S	32.3641	0.0000	27532	0.0716	0.3058	0.6225	fora	0.0001	0.0669	ok	4.294	0.706
Day 3_A8-4-L.tiff	S	23.8875	0.0000	20321	0.0000	0.0000	1.0000	fora	0.0000	0.0000	ok	4.226	0.774
Day 3_A8-4-R.tiff	S	34.3084	0.0000	29186	0.0637	0.4091	0.5272	fora	0.0004	0.0564	ok	4.363	0.637
Day 3_A8-5-L.tiff	S	28.6860	0.0000	24403	0.1647	0.8353	0.0000	coroa	0.0000	0.1647	ok	4.500	0.500
Day 3_A8-5-R.tiff	S	28.9234	0.0000	24605	0.1906	0.7687	0.0406	coroa	0.0016	0.1442	ok	4.329	0.671
Day 3_Y8-1-L.tiff	S	28.9704	0.0000	24645	0.0000	0.0000	1.0000	fora	0.0000	0.0000	ok	4.226	0.774
Day 3_Y8-1-R.tiff	S	28.0195	0.0000	23836	0.0000	0.0116	0.9884	fora	0.0000	0.0000	ok	4.157	0.843
Day 3_Y8-2-L.tiff	S	26.2127	0.0000	22299	0.0000	0.0000	1.0000	fora	0.0000	0.0000	ok	4.123	0.877
Day 3_Y8-2-R.tiff	S	25.2041	0.0000	21441	0.0000	0.7451	0.2549	coroa	0.0000	0.0000	ok	4.500	0.500
Day 3_Y8-3-L.tiff	S	24.3942	0.0000	20752	0.0000	0.0000	1.0000	fora	0.0000	0.0000	ok	4.294	0.706
Day 3_Y8-3-R.tiff	S	27.7268	0.0000	23587	0.4137	0.5863	0.0000	coroa	0.0000	0.4137	ok	4.157	0.843
Day 3_Y8-4-L.tiff	S	189.8061	0.2590	161467	0.4140	0.5567	0.0293	coroa	0.2595	0.1136	ok	4.260	0.740
Day 3_Y8-4-R.tiff	S	28.1135	0.0000	23916	0.0000	0.1423	0.8577	fora	0.0000	0.0000	ok	4.157	0.843
Day 4_A8-1-L.tiff	S	24.3777	0.0000	20738	0.0000	0.0000	1.0000	fora	0.0000	0.0000	ok	4.500	0.500
Day 4_A8-1-R.tiff	S	24.0509	0.0000	20460	0.1882	0.6383	0.1735	coroa	0.0000	0.1882	ok	4.054	0.946
Day 4_A8-3-L.tiff	S	30.5750	0.0000	26010	0.0000	0.0000	1.0000	fora	0.0000	0.0000	ok	4.123	0.877
Day 4_A8-3-R.tiff	S	24.8656	0.0000	21153	0.0000	0.0000	1.0000	fora	0.0000	0.0000	ok	4.191	0.809
Day 4_A8-4-L.tiff	S	19.9390	0.0000	16962	0.0000	0.0000	1.0000	fora	0.0000	0.0000	ok	4.260	0.740
Day 4_A8-4-R.tiff	S	195.9517	0.2519	166695	0.4010	0.5580	0.0409	coroa	0.2470	0.1148	ok	4.226	0.774
Day 4_A8-5-L.tiff	S	28.1464	0.0000	23944	0.0000	0.8984	0.1016	coroa	0.0000	0.0000	ok	4.500	0.500
Day 4_A8-5-R.tiff	S	188.2721	0.2609	160162	0.4174	0.5590	0.0236	coroa	0.2944	0.0833	ok	4.500	0.500
Day 4_Y8-1-L.tiff	S	28.8752	0.0000	24564	0.1388	0.8612	0.0000	coroa	0.0000	0.1388	ok	4.226	0.774
Day 4_Y8-1-R.tiff	S	21.8257	0.0000	18567	0.0387	0.9067	0.0546	coroa	0.0000	0.0387	ok	4.260	0.740
Day 4_Y8-2-L.tiff	S	34.6317	0.0000	29461	0.0000	0.0000	1.0000	fora	0.0000	0.0000	ok	4.089	0.911
Day 4_Y8-2-R.tiff	S	181.8843	0.2688	154728	0.4321	0.5597	0.0082	coroa	0.2899	0.0981	ok	4.397	0.603
Day 4_Y8-3-L.tiff	S	33.1600	0.0000	28209	0.0283	0.9717	0.0000	coroa	0.0000	0.0283	ok	4.226	0.774
Day 4_Y8-3-R.tiff	S	27.2084	0.0000	23146	0.0676	0.9245	0.0079	coroa	0.0000	0.0676	ok	4.123	0.877
Day 4_Y8-4-L.tiff	S	42.6663	0.0000	36296	0.2004	0.7902	0.0094	coroa	0.0000	0.2004	ok	4.157	0.843
Day 4_Y8-4-R.tiff	S	31.0123	0.0000	26382	0.0845	0.8757	0.0399	coroa	0.0000	0.0845	ok	4.191	0.809
Day 5_A8-1-L.tiff	S	30.1272	0.0000	25629	0.0000	0.0446	0.9554	fora	0.0000	0.0000	ok	4.089	0.911
Day 5_A8-1-R.tiff	S	25.4275	0.0000	21631	0.0000	0.0000	1.0000	fora	0.0000	0.0000	ok	4.123	0.877
Day 5_A8-3-L.tiff	S	30.9829	0.0000	26357	0.0341	0.9659	0.0000	coroa	0.0000	0.0341	ok	3.849	1.151
Day 5_A8-3-R.tiff	S	34.9926	0.0000	29768	0.1706	0.7823	0.0471	coroa	0.0627	0.0809	ok	4.191	0.809
Day 5_A8-4-L.tiff	S	26.5371	0.0000	22575	0.0000	0.0000	1.0000	fora	0.0000	0.0000	ok	4.329	0.671
Day 5_A8-4-R.tiff	S	26.7722	0.0000	22775	0.0000	0.0000	1.0000	fora	0.0000	0.0000	ok	4.363	0.637
Day 5_A8-5-L.tiff	S	22.7120	0.0000	19321	0.0000	0.0000	1.0000	fora	0.0000	0.0000	ok	4.431	0.569
Day 5_A8-5-R.tiff	S	26.8075	0.0000	22805	0.0000	0.0000	1.0000	fora	0.0000	0.0000	ok	4.089	0.911
Day 5_Y8-1-L.tiff	S	32.6286	0.0000	27757	0.0000	0.0000	1.0000	fora	0.0000	0.0000	ok	4.123	0.877
Day 5_Y8-1-R.tiff	S	30.5292	0.0000	25971	0.0143	0.9857	0.0000	coroa	0.0000	0.0143	ok	4.089	0.911
Day 5_Y8-2-L.tiff	S	199.6604	0.2478	169850	0.3936	0.5959	0.0105	coroa	0.2018	0.1563	ok	3.883	1.117
Day 5_Y8-2-R.tiff	S	27.6833	0.0000	23550	0.0000	0.0296	0.9704	fora	0.0000	0.0000	ok	4.226	0.774
Day 5_Y8-3-L.tiff	S	165.5353	0.2915	140820	0.4747	0.5253	0.0000	coroa	0.3080	0.1192	ok	4.329	0.671
Day 5_Y8-3-R.tiff	S	27.8043	0.0000	23653	0.0000	0.0000	1.0000	fora	0.0000	0.0000	ok	4.123	0.877
Day 5_Y8-4-L.tiff	S	33.6560	0.0000	28631	0.1533	0.8458	0.0009	coroa	0.0000	0.1533	ok	4.157	0.843
Day 5_Y8-4-R.tiff	S	39.9862	0.0000	34016	0.0000	0.6454	0.3546	coroa	0.0000	0.0000	ok	4.500	0.500
Day 6_A8-1-L.tiff	S	22.4758	0.0000	19120	0.0000	0.0000	1.0000	fora	0.0000	0.0000	ok	4.260	0.740
Day 6_A8-1-R.tiff	S	30.1013	0.0000	25607	0.0004	0.9976	0.0020	coroa	0.0000	0.0004	ok	4.329	0.671
Day 6_A8-3-L.tiff	S	26.6570	0.0000	22677	0.0286	0.9204	0.0510	coroa	0.0000	0.0286	ok	4.191	0.809
Day 6_A8-3-R.tiff	S	27.8090	0.0000	23657	0.0000	0.0000	1.0000	fora	0.0000	0.0000	ok	4.500	0.500
Day 6_A8-4-L.tiff	S	30.2811	0.0000	25760	0.0000	0.0000	1.0000	fora	0.0000	0.0000	ok	4.191	0.809
Day 6_A8-4-R.tiff	S	38.7048	0.0000	32926	0.0000	0.9619	0.0381	coroa	0.0000	0.0000	ok	4.260	0.740
Day 6_A8-5-L.tiff	S	20.1212	0.0000	17117	0.0000	0.0000	1.0000	fora	0.0000	0.0000	ok	4.191	0.809
Day 6_A8-5-R.tiff	S	39.8040	0.0000	33861	0.0396	0.9604	0.0000	coroa	0.0000	0.0396	ok	4.123	0.877
Day 6_Y8-1-L.tiff	S	22.5204	0.0000	19158	0.0000	0.0000	1.0000	fora	0.0000	0.0000	ok	4.054	0.946
Day 6_Y8-1-R.tiff	S	29.7298	0.0000	25291	0.1514	0.8485	0.0000	coroa	0.0000	0.1514	ok	4.123	0.877
Day 6_Y8-2-L.tiff	S	22.4370	0.0000	19087	0.0000	0.0000	1.0000	fora	0.0000	0.0000	ok	4.157	0.843
Day 6_Y8-2-R.tiff	S	201.7011	0.2456	171586	0.3896	0.5859	0.0245	coroa	0.2443	0.1069	ok	4.260	0.740
Day 6_Y8-3-L.tiff	S	16.2585	0.0000	13831	0.0000	0.0000	1.0000	fora	0.0000	0.0000	ok	4.294	0.706
Day 6_Y8-3-R.tiff	S	29.0610	0.0000	24722	0.0000	0.1356	0.8644	fora	0.0000	0.0000	ok	4.260	0.740
Day 6_Y8-4-L.tiff	S	30.6561	0.0000	26079	0.1508	0.8492	0.0000	coroa	0.0000	0.1508	ok	4.020	0.980
Day 6_Y8-4-R.tiff	S	28.6013	0.0000	24331	0.0000	0.0208	0.9792	fora	0.0000	0.0000	ok	3.951	1.049
Day 7_A8-1-L.tiff	S	30.5727	0.0000	26008	0.0000	0.0332	0.9668	fora	0.0000	0.0000	ok	4.123	0.877
Day 7_A8-1-R.tiff	S	22.5604	0.0000	19192	0.0000	0.0000	1.0000	fora	0.0000	0.0000	ok	4.089	0.911
Day 7_A8-3-L.tiff	S	20.2211	0.0000	17202	0.0000	0.0000	1.0000	fora	0.0000	0.0000	ok	4.500	0.500
Day 7_A8-3-R.tiff	S	23.8264	0.0000	20269	0.0000	0.0000	1.0000	fora	0.0000	0.0000	ok	4.500	0.500
Day 7_A8-4-L.tiff	S	28.4638	0.0000	24214	0.0000	0.0000	1.0000	fora	0.0000	0.0000	ok	4.363	0.637
Day 7_A8-4-R.tiff	S	28.6072	0.0000	24336	0.0000	0.0000	1.0000	fora	0.0000	0.0000	ok	4.329	0.671
Day 7_A8-5-L.tiff	S	8.1310	0.0000	6917	0.0000	0.0000	1.0000	fora	0.0000	0.0000	ok	4.089	0.911
Day 7_A8-5-R.tiff	S	27.1355	0.0000	23084	0.0000	0.0000	1.0000	fora	0.0000	0.0000	ok	4.294	0.706
Day 7_Y8-1-L.tiff	S	29.8603	0.0000	25402	0.0000	0.0000	1.0000	fora	0.0000	0.0000	ok	4.089	0.911
Day 7_Y8-2-L.tiff	S	191.0721	0.2575	162544	0.4113	0.5859	0.0028	coroa	0.2490	0.1224	ok	4.191	0.809
Day 7_Y8-2-R.tiff	S	27.5587	0.0000	23444	0.0000	0.0000	1.0000	fora	0.0000	0.0000	ok	4.329	0.671
Day 7_Y8-3-L.tiff	S	28.9446	0.0000	24623	0.0539	0.9267	0.0194	coroa	0.0000	0.0539	ok	4.500	0.500
Day 7_Y8-3-R.tiff	S	26.2151	0.0000	22301	0.0000	0.0000	1.0000	fora	0.0000	0.0000	ok	4.294	0.706
Day 7_Y8-4-L.tiff	S	192.4722	0.2559	163735	0.4083	0.5785	0.0132	coroa	0.2513	0.1168	ok	4.226	0.774
Day 8_A8-1-L.tiff	S	27.0920	0.0000	23047	0.0000	0.0000	1.0000	fora	0.0000	0.0000	ok	4.363	0.637
Day 8_A8-1-R.tiff	S	38.2358	0.0000	32527	0.0000	0.0000	1.0000	fora	0.0000	0.0000	ok	4.226	0.774
Day 8_A8-3-L.tiff	S	32.3630	0.0000	27531	0.0000	0.0000	1.0000	fora	0.0000	0.0000	ok	4.500	0.500
Day 8_A8-3-R.tiff	S	18.6448	0.0000	15861	0.0325	0.7824	0.1851	coroa	0.0000	0.0325	ok	4.500	0.500
Day 8_A8-4-L.tiff	S	33.0871	0.0000	28147	0.0000	0.0000	1.0000	fora	0.0000	0.0000	ok	4.329	0.671
Day 8_A8-4-R.tiff	S	20.4010	0.0000	17355	0.0113	0.9409	0.0478	coroa	0.0000	0.0113	ok	4.260	0.740
Day 8_A8-5-L.tiff	S	26.4090	0.0000	22466	0.1649	0.6322	0.2030	coroa	0.0000	0.1649	ok	4.054	0.946
Day 8_A8-5-R.tiff	S	191.5752	0.2569	162972	0.4102	0.5859	0.0039	coroa	0.2892	0.0781	ok	4.500	0.500
Day 8_Y8-1-L.tiff	S	24.2802	0.0000	20655	0.1423	0.8577	0.0000	coroa	0.0000	0.1423	ok	3.780	1.220
Day 8_Y8-2-L.tiff	S	26.2362	0.0000	22319	0.0000	0.0000	1.0000	fora	0.0000	0.0000	ok	4.226	0.774
Day 8_Y8-2-R.tiff	S	199.4594	0.2480	169679	0.3940	0.5916	0.0145	coroa	0.2641	0.0894	ok	4.397	0.603
Day 8_Y8-3-L.tiff	S	26.2350	0.0000	22318	0.1926	0.8074	0.0000	coroa	0.0000	0.1926	ok	4.500	0.500
Day 8_Y8-3-R.tiff	S	30.4963	0.0000	25943	0.0000	0.0000	1.0000	fora	0.0000	0.0000	ok	4.260	0.740
Day 8_Y8-4-L.tiff	S	29.6193	0.0000	25197	0.0000	0.0652	0.9348	fora	0.0000	0.0000	ok	4.294	0.706
Day 9_A8-1-L.tiff	S	28.7001	0.0000	24415	0.0054	0.9946	0.0000	coroa	0.0000	0.0054	ok	4.260	0.740
Day 9_A8-1-R.tiff	S	24.2825	0.0000	20657	0.0237	0.9763	0.0000	coroa	0.0000	0.0237	ok	4.294	0.706
Day 9_A8-3-L.tiff	S	37.5552	0.0000	31948	0.0000	0.9682	0.0318	coroa	0.0000	0.0000	ok	4.500	0.500
Day 9_A8-3-R.tiff	S	36.0694	0.0000	30684	0.0081	0.9919	0.0000	coroa	0.0000	0.0081	ok	4.500	0.500
Day 9_A8-4-L.tiff	S	19.2466	0.0000	16373	0.0000	0.0000	1.0000	fora	0.0000	0.0000	ok	4.500	0.500
Day 9_A8-4-R.tiff	S	29.1656	0.0000	24811	0.0000	0.0000	1.0000	fora	0.0000	0.0000	ok	4.363	0.637
Day 9_A8-5-L.tiff	S	15.1253	0.0000	12867	0.0194	0.7120	0.2686	coroa	0.0000	0.0191	ok	4.500	0.500
Day 9_A8-5-R.tiff	S	30.3952	0.0000	25857	0.0112	0.9888	0.0000	coroa	0.0000	0.0112	ok	4.329	0.671
Day 9_Y8-1-L.tiff	S	28.1217	0.0000	23923	0.0000	0.0000	1.0000	fora	0.0000	0.0000	ok	4.500	0.500
Day 9_Y8-2-L.tiff	S	199.6498	0.2478	169841	0.3936	0.6004	0.0060	coroa	0.2776	0.0749	ok	4.500	0.500
Day 9_Y8-3-L.tiff	S	191.7469	0.2567	163118	0.4098	0.5556	0.0346	coroa	0.2890	0.0877	ok	4.500	0.500
Day 9_Y8-3-R.tiff	S	28.5296	0.0000	24270	0.1012	0.1094	0.7894	fora	0.0208	0.0716	ok	4.123	0.877
Day 9_Y8-4-L.tiff	S	186.9038	0.2625	158998	0.4205	0.5726	0.0069	coroa	0.2728	0.1055	ok	4.329	0.671
